idx,first_name,sex
1,Aaron,male
2,Abraham,male
3,Achaz,male
4,Achim,male
5,Adalbert,male
6,Adam,male
7,Adela,female
8,Adelbert,male
9,Adele,female
10,Adelfried,male
11,Adelgund,female
12,Adelgunde,female
13,Adelhard,male
14,Adelheid,female
15,Adelheide,female
16,Adelina,female
17,Adelinde,female
18,Adeline,female
19,Adeltraud,female
20,Adeltraut,female
21,Adi,male
22,Adina,female
23,Adolf,male
24,Adolfa,female
25,Adolfine,female
26,Adolph,male
27,Adrian,male
28,Adriana,female
29,Adriane,female
30,Aenne,female
31,Änne,female
32,Agata,female
33,Agatha,female
34,Agathe,female
35,Agilbert,male
36,Agilmar,male
37,Agnes,female
38,Agnieszka,female
39,Alban,male
40,Albert,male
41,Albertine,female
42,Albin,male
43,Albina,female
44,Albine,female
45,Albrecht,male
46,Aleksandra,female
47,Alena,female
48,Alex,male
49,Alexa,female
50,Alexander,male
51,Alexandra,female
52,Alf,male
53,Alfhard,male
54,Alfinus,male
55,Alfons,male
56,Alfred,male
57,Alfried,male
58,Alhard,male
59,Alheid,female
60,Alheide,female
61,Alheidis,female
62,Alice,female
63,Alicia,female
64,Alicja,female
65,Alida,female
66,Alin,female
67,Alina,female
68,Alinde,female
69,Aline,female
70,Alix,female
71,Alla,female
72,Allmar,male
73,Alma,female
74,Almtrud,female
75,Almut,female
76,Almute,female
77,Almuth,female
78,Alois,male
79,Aloisia,female
80,Aloisius,male
81,Aloys,male
82,Aloysia,female
83,Aloysius,male
84,Alphonsus,male
85,Alrik,male
86,Alrun,female
87,Altfried,male
88,Altraud,female
89,Altrud,female
90,Alwin,male
91,Alwina,female
92,Alwine,female
93,Amadeus,male
94,Amalia,female
95,Amalie,female
96,Amanda,female
97,Ambros,male
98,Ambrosius,male
99,Amelie,female
100,Amely,female
101,Amrei,female
102,Ana,female
103,Anastasia,female
104,Andrea,female
105,Andreas,male
106,Andree,male
107,Andy,male
108,Anemone,female
109,Aneta,female
110,Anett,female
111,Anette,female
112,Anfriede,female
113,Angela,female
114,Angelica,female
115,Angelika,female
116,Angelina,female
117,Angelique,female
118,Anica,female
119,Anika,female
120,Anita,female
121,Anja,female
122,Anje,female
123,Anka,female
124,Anke,female
125,Ann,female
126,Ann-Kathrin,female
127,Anna,female
128,Anna-Lena,female
129,Anna-Luise,female
130,Anna-Maria,female
131,Anna-Marie,female
132,Annabell,female
133,Annagret,female
134,Annakatrin,female
135,Annalena,female
136,Annalene,female
137,Annalies,female
138,Annaliese,female
139,Annamaria,female
140,Annamarie,female
141,Annarose,female
142,Anne,female
143,Anne-Kathrin,female
144,Anne-Katrin,female
145,Anne-Marie,female
146,Anne-Rose,female
147,Annedore,female
148,Annedoris,female
149,Annedorle,female
150,Annegold,female
151,Annegret,female
152,Annegrete,female
153,Annegreth,female
154,Anneheide,female
155,Annehild,female
156,Annehilde,female
157,Annekathrin,female
158,Annekatrin,female
159,Anneke,female
160,Annekristin,female
161,Annelen,female
162,Annelene,female
163,Anneli,female
164,Annelie,female
165,Annelies,female
166,Anneliese,female
167,Annelinde,female
168,Annelise,female
169,Annelore,female
170,Annelotte,female
171,Anneluise,female
172,Annely,female
173,Annemargret,female
174,Annemaria,female
175,Annemarie,female
176,Annemie,female
177,Annemirl,female
178,Annerike,female
179,Anneros,female
180,Annerose,female
181,Anneruth,female
182,Annetraud,female
183,Annetraude,female
184,Annetrud,female
185,Annetrude,female
186,Annett,female
187,Annette,female
188,Anni,female
189,Annie,female
190,Annik,male
191,Annika,female
192,Annina,female
193,Annita,female
194,Annkathrin,female
195,Annkatrin,female
196,Anny,female
197,Anouschka,female
198,Anrich,male
199,Ansbert,male
200,Anselm,male
201,Ansgar,male
202,Ansgard,female
203,Antja,female
204,Antje,female
205,Antoinette,female
206,Anton,male
207,Antonia,female
208,Antonie,female
209,Antonietta,female
210,Antonina,female
211,Antonius,male
212,Anuschka,female
213,Apollonia,female
214,Arabella,female
215,Arend,male
216,Ariane,female
217,Aribert,male
218,Arist,male
219,Arite,female
220,Arkadius,male
221,Arlinde,female
222,Armgard,female
223,Armin,male
224,Arnbert,male
225,Arnd,male
226,Arndt,male
227,Arne,male
228,Arnfred,male
229,Arnfried,male
230,Arnhart,male
231,Arnhild,female
232,Arnim,male
233,Arno,male
234,Arnold,male
235,Arnolf,male
236,Arnt,male
237,Arntraud,female
238,Arnulf,male
239,Aron,male
240,Arthur,male
241,Artur,male
242,Arved,male
243,Arwed,male
244,Arwid,male
245,Arwin,male
246,Arzu,female
247,Ascan,male
248,Aslind,female
249,Asta,female
250,Astrid,female
251,August,male
252,Augusta,female
253,Auguste,female
254,Augustin,male
255,Augustine,female
256,Augustinus,male
257,Augustus,male
258,Aurelia,female
259,Axel,male
260,Aynur,female
261,Ayse,female
262,Aysel,female
263,Ayten,female
264,Babett,female
265,Babette,female
266,Babsi,female
267,Baldur,male
268,Balthasar,male
269,Baptist,male
270,Barbara,female
271,Barbi,female
272,Barbli,female
273,Bardo,male
274,Barnabas,male
275,Bartho,male
276,Barthold,male
277,Bartold,male
278,Bartosch,male
279,Bastian,male
280,Beat,male
281,Beata,female
282,Beate,female
283,Beatrice,female
284,Beatrix,female
285,Belina,female
286,Belinda,female
287,Benedict,male
288,Benedicta,female
289,Benedikt,male
290,Benedikta,female
291,Benediktus,male
292,Benita,female
293,Benjamin,male
294,Benno,male
295,Berenike,female
296,Berit,female
297,Berna,female
298,Bernadette,female
299,Bernadine,female
300,Bernd,male
301,Berndt,male
302,Bernfried,male
303,Berngard,female
304,Bernhard,male
305,Bernhardin,male
306,Bernhardine,female
307,Bernhardt,male
308,Bernhart,male
309,Bernhild,female
310,Bernhilde,female
311,Berni,male
312,Berno,male
313,Bernold,male
314,Bernulf,male
315,Bernward,male
316,Bert,male
317,Berta,female
318,Bertfriede,female
319,Bertha,female
320,Berthilde,female
321,Berthold,male
322,Berti,male
323,Bertin,male
324,Bertina,female
325,Bertl,male
326,Bertlinde,female
327,Bertold,male
328,Bertolt,male
329,Bertram,male
330,Bertwald,male
331,Bertwalda,female
332,Bertwin,male
333,Betina,female
334,Betti,female
335,Bettina,female
336,Betty,female
337,Bianca,female
338,Bianka,female
339,Biggi,female
340,Biggy,female
341,Birga,female
342,Birge,female
343,Birghild,female
344,Birgid,female
345,Birgit,female
346,Birgitt,female
347,Birgitta,female
348,Birglinde,female
349,Birk,male
350,Birke,female
351,Birkhild,female
352,Birte,female
353,Birthe,female
354,Blanka,female
355,Blasius,male
356,Bodmar,male
357,Bodo,male
358,Bodomar,male
359,Bolko,male
360,Bonifaz,male
361,Boris,male
362,Borka,female
363,Borwin,male
364,Botho,male
365,Boto,male
366,Bozena,female
367,Brandolf,male
368,Branka,female
369,Brigitta,female
370,Brigitte,female
371,Bringfried,male
372,Bringfriede,female
373,Brit,female
374,Brita,female
375,Britt,female
376,Britta,female
377,Bruna,female
378,Brunhild,female
379,Brunhilda,female
380,Brunhilde,female
381,Brunhildis,female
382,Bruni,female
383,Bruno,male
384,Burchard,male
385,Burckhard,male
386,Burckhardt,male
387,Burga,female
388,Burgel,female
389,Burgfried,male
390,Burghard,male
391,Burghardt,male
392,Burghart,male
393,Burghild,female
394,Burghilde,female
395,Burgis,female
396,Burglind,female
397,Burglinde,female
398,Burgunda,female
399,Burgunde,female
400,Burkard,male
401,Burkardt,male
402,Burkhard,male
403,Burkhardt,male
404,Burkhart,male
405,Burkhild,female
406,Bärbel,female
407,Cai,male
408,Camilla,female
409,Canan,female
410,Caren,female
411,Carin,female
412,Carina,female
413,Carl,male
414,Carla,female
415,Carlheinz,male
416,Carmela,female
417,Carmen,female
418,Carmine,female
419,Carola,female
420,Carolin,female
421,Carolina,female
422,Caroline,female
423,Carsta,female
424,Carsten,male
425,Caspar,male
426,Caterina,female
427,Catharina,female
428,Catherina,female
429,Catherine,female
430,Cathleen,female
431,Cathrin,female
432,Catrin,female
433,Cay,male
434,Cecilia,female
435,Celia,female
436,Centa,female
437,Cersten,female
438,Cersten,male
439,Chantal,female
440,Charlotte,female
441,Chris,male
442,Christa,female
443,Christa-Maria,female
444,Christamaria,female
445,Christel,female
446,Christella,female
447,Christfried,male
448,Christfriede,female
449,Christhard,male
450,Christhardt,male
451,Christhart,male
452,Christhelm,male
453,Christhild,female
454,Christhilde,female
455,Christian,male
456,Christiana,female
457,Christiane,female
458,Christin,female
459,Christina,female
460,Christine,female
461,Christl,female
462,Christliebe,female
463,Christmut,male
464,Christof,male
465,Christoph,male
466,Christopher,male
467,Christopherus,male
468,Christophorus,male
469,Christsolde,female
470,Christward,male
471,Cilli,female
472,Cilly,female
473,Cindy,female
474,Cirsten,female
475,Claire,female
476,Clara,female
477,Clarissa,female
478,Claudia,female
479,Claudius,male
480,Claus,male
481,Clemens,male
482,Clementine,female
483,Clivia,female
484,Clotilde,female
485,Cläre,female
486,Concetta,female
487,Connie,female
488,Conny,female
489,Conrad,male
490,Constance,female
491,Constantin,male
492,Constanze,female
493,Cora,female
494,Corbinian,male
495,Cord,male
496,Cordelia,female
497,Cordian,male
498,Cordt,male
499,Cordula,female
500,Corina,female
501,Corinna,female
502,Corinne,female
503,Cornelia,female
504,Cornelius,male
505,Cornell,male
506,Cosima,female
507,Crescentia,female
508,Cristina,female
509,Cuno,male
510,Curd,male
511,Curt,male
512,Cynthia,female
513,Cyrill,male
514,Cäcilia,female
515,Cäcilie,female
516,Dagmar,female
517,Dagobert,male
518,Dagomar,male
519,Dahlia,female
520,Dajana,female
521,Damaris,female
522,Damian,male
523,Dana,female
524,Danica,female
525,Daniel,male
526,Daniela,female
527,Daniele,female
528,Danielle,female
529,Dankfried,male
530,Dankhard,male
531,Dankmar,male
532,Dankward,male
533,Dankwart,male
534,Danny,male
535,Danuta,female
536,Daphne,female
537,Daria,female
538,Darius,male
539,David,male
540,Debora,female
541,Deborah,female
542,Degenhard,male
543,Degenhardt,male
544,Degenhart,male
545,Dela,female
546,Delf,male
547,Delia,female
548,Denis,male
549,Denise,female
550,Dennis,male
551,Denny,male
552,Desiderius,male
553,Desiree,female
554,Dethard,male
555,Detlef,male
556,Detlev,male
557,Detmar,male
558,Detrich,male
559,Diana,female
560,Diane,female
561,Didi,male
562,Diemo,male
563,Diemut,female
564,Dierk,male
565,Dietbald,male
566,Dietbert,male
567,Dietburg,female
568,Dieter,male
569,Dieterich,male
570,Dietfried,male
571,Dietgar,male
572,Dietgard,female
573,Dietger,male
574,Diethard,male
575,Diethardt,male
576,Diethart,male
577,Diethelm,male
578,Diether,male
579,Diethild,female
580,Diethilde,female
581,Diethmar,male
582,Dietlind,female
583,Dietlinde,female
584,Dietmar,male
585,Dietmund,male
586,Dietmute,female
587,Dietolf,male
588,Dietram,male
589,Dietrich,male
590,Dietwald,male
591,Dietwalt,male
592,Dietwolf,male
593,Dietwulf,male
594,Dietz,male
595,Dimitri,male
596,Dina,female
597,Dinah,female
598,Dionys,male
599,Dirk,male
600,Ditmar,male
601,Dittmar,male
602,Dolores,female
603,Dominic,male
604,Dominik,male
605,Dominikus,male
606,Donat,male
607,Donata,female
608,Donate,female
609,Donatus,male
610,Dora,female
611,Doraline,female
612,Dorchen,female
613,Dore,female
614,Doreen,female
615,Dorena,female
616,Dorette,female
617,Dorina,female
618,Doris,female
619,Dorit,female
620,Dorith,female
621,Doritha,female
622,Doritta,female
623,Dorkas,female
624,Dorle,female
625,Dorlies,female
626,Dorlinde,female
627,Dorlis,female
628,Doro,female
629,Dorota,female
630,Dorothe,female
631,Dorothea,female
632,Dorothee,female
633,Dragica,female
634,Dunja,female
635,Dörte,female
636,Dörthe,female
637,Eberhard,male
638,Eberhardt,male
639,Eberhart,male
640,Eckard,male
641,Eckardt,male
642,Eckart,male
643,Eckbert,male
644,Eckehard,male
645,Eckehardt,male
646,Eckehart,male
647,Eckert,male
648,Eckfried,male
649,Eckhard,male
650,Eckhardt,male
651,Eckhart,male
652,Eckhold,male
653,Edda,female
654,Eddi,male
655,Edelbert,male
656,Edelburg,female
657,Edelfried,male
658,Edelfriede,female
659,Edelgard,female
660,Edelhard,male
661,Edelinde,female
662,Edelmut,male
663,Edeltraud,female
664,Edeltraude,female
665,Edeltraudt,female
666,Edeltraut,female
667,Edeltrud,female
668,Edeltrudis,female
669,Edelwald,male
670,Edgar,male
671,Edit,female
672,Edith,female
673,Editha,female
674,Edmar,male
675,Edmund,male
676,Eduard,male
677,Eduardt,male
678,Edwin,male
679,Edwina,female
680,Edwine,female
681,Effi,female
682,Egbert,male
683,Egidius,male
684,Eginald,male
685,Eginhard,male
686,Eginhardt,male
687,Egmont,male
688,Egomar,male
689,Egon,male
690,Ehrenfried,male
691,Ehrengard,female
692,Ehrenreich,male
693,Ehrentraud,female
694,Ehrentraut,female
695,Ehrentrud,female
696,Ehrentrudis,female
697,Ehrhard,male
698,Ehrhardt,male
699,Ehrmut,male
700,Eik,male
701,Eike,female
702,Eike,male
703,Eileen,female
704,Einhard,male
705,Einhardt,male
706,Eitelbert,male
707,Eitelfritz,male
708,Ekaterina,female
709,Ekhard,male
710,Ekhardt,male
711,Ekkard,male
712,Ekkardt,male
713,Ekkart,male
714,Ekkehard,male
715,Ekkehardt,male
716,Ekkehart,male
717,Ela,female
718,Elbert,male
719,Elena,female
720,Eleni,female
721,Elenore,female
722,Eleonora,female
723,Eleonore,female
724,Elfgard,female
725,Elfgund,female
726,Elfi,female
727,Elfie,female
728,Elfrieda,female
729,Elfriede,female
730,Elfrun,female
731,Elfy,female
732,Elgard,female
733,Elgine,female
734,Eli,female
735,Elia,female
736,Elif,female
737,Elisa,female
738,Elisabet,female
739,Elisabeth,female
740,Elisabetha,female
741,Elise,female
742,Elizabeth,female
743,Elke,female
744,Elkmar,male
745,Ella,female
746,Ellen,female
747,Ellengard,female
748,Ellentraud,female
749,Elli,female
750,Ellinor,female
751,Elly,female
752,Elma,female
753,Elmar,male
754,Elrike,female
755,Elsa,female
756,Elsabe,female
757,Elsbeth,female
758,Else,female
759,Elselore,female
760,Elselotte,female
761,Elsemarie,female
762,Elsgard,female
763,Elvira,female
764,Elvire,female
765,Elwine,female
766,Elwira,female
767,Elzbieta,female
768,Emanuel,male
769,Emeram,male
770,Emerich,male
771,Emil,male
772,Emilia,female
773,Emilie,female
774,Emine,female
775,Emma,female
776,Emmaliese,female
777,Emmeram,male
778,Emmeran,male
779,Emmerich,male
780,Emmi,female
781,Emmy,female
782,Engelbert,male
783,Engelberta,female
784,Engelbrecht,male
785,Engelhard,male
786,Engelhardt,male
787,Engelmar,male
788,Englbert,male
789,Enrico,male
790,Erdfried,male
791,Erdheide,female
792,Erdmann,male
793,Erdmute,female
794,Erdmuthe,female
795,Erdwin,male
796,Erfried,male
797,Erhard,male
798,Erhardt,male
799,Erhart,male
800,Eric,male
801,Erica,female
802,Erich,male
803,Erik,male
804,Erika,female
805,Erk,male
806,Erkhild,female
807,Erkmar,male
808,Erla,female
809,Erlfried,male
810,Erlgard,female
811,Erltrud,female
812,Erlwine,female
813,Ermelinde,female
814,Ermenfried,male
815,Ermenhild,female
816,Erna,female
817,Ernestine,female
818,Erni,male
819,Erno,male
820,Ernst,male
821,Ernstfried,male
822,Ernstine,female
823,Erwin,male
824,Ester,female
825,Esther,female
826,Etta,female
827,Eugen,male
828,Eugenia,female
829,Eugenie,female
830,Eunike,female
831,Eustachius,male
832,Eva,female
833,Eva-Maria,female
834,Eva-Marie,female
835,Evalinde,female
836,Evamaria,female
837,Evamarie,female
838,Evangelia,female
839,Evchen,female
840,Evelin,female
841,Evelinde,female
842,Eveline,female
843,Evelore,female
844,Evelyn,female
845,Evelyne,female
846,Evi,female
847,Ewa,female
848,Ewald,male
849,Ewalda,female
850,Eyck,male
851,Fabian,male
852,Fabiane,female
853,Fabienne,female
854,Fadime,female
855,Falk,male
856,Falkhard,male
857,Falkmar,male
858,Falko,male
859,Fanny,female
860,Fatima,female
861,Fatma,female
862,Fee,female
863,Feli,female
864,Felicia,female
865,Felicitas,female
866,Felix,male
867,Felizia,female
868,Felizitas,female
869,Ferdi,male
870,Ferdinand,male
871,Ferdinande,female
872,Ferdinandus,male
873,Ferfried,male
874,Ferhard,male
875,Ferhart,male
876,Fidelius,male
877,Filippina,female
878,Filiz,female
879,Finchen,female
880,Fine,female
881,Fini,female
882,Flora,female
883,Florence,female
884,Florentin,male
885,Florentine,female
886,Florentius,male
887,Florenz,male
888,Florian,male
889,Florine,female
890,Folker,male
891,Folkhard,male
892,Folkhardt,male
893,Folkhart,male
894,Folko,male
895,Follrich,male
896,Framhild,female
897,Franca,female
898,Francesca,female
899,Francoise,female
900,Frank,male
901,Franka,female
902,Frankmut,male
903,Franz,male
904,Franzi,female
905,Franziska,female
906,Franziskus,male
907,Franzl,male
908,Franzpeter,male
909,Frauke,female
910,Fred,male
911,Freddy,male
912,Frederike,female
913,Freia,female
914,Freimund,male
915,Freimut,male
916,Freimuth,male
917,Freiwald,male
918,Freya,female
919,Frida,female
920,Fridegund,female
921,Friderika,female
922,Friderike,female
923,Fridolin,male
924,Fridoline,female
925,Fridulf,male
926,Fried,male
927,Frieda,female
928,Friedbald,male
929,Friedberg,male
930,Friedbert,male
931,Friedburg,female
932,Friedebert,male
933,Friedeborg,female
934,Friedeborn,male
935,Friedeburg,female
936,Friedegard,female
937,Friedegund,female
938,Friedegunde,female
939,Friedel,male
940,Friedemann,male
941,Friedemar,male
942,Frieder,male
943,Friedericke,female
944,Friederike,female
945,Friederun,female
946,Friedewald,male
947,Friedgard,female
948,Friedhard,male
949,Friedhardt,male
950,Friedhart,male
951,Friedhelm,male
952,Friedhild,female
953,Friedhilde,female
954,Friedhold,male
955,Friedl,female
956,Friedl,male
957,Friedlenchen,female
958,Friedlieb,male
959,Friedlies,female
960,Friedliese,female
961,Friedlind,female
962,Friedlinde,female
963,Friedmar,male
964,Friedmut,male
965,Friedmuth,male
966,Friedolf,male
967,Friedolin,male
968,Friedoline,female
969,Friedrich,male
970,Friedrun,female
971,Friedwald,male
972,Friedwin,male
973,Frigga,female
974,Frithjof,male
975,Fritz,male
976,Fritzi,female
977,Frohlinde,female
978,Frohmund,male
979,Frohmut,female
980,Frohmut,male
981,Frohwald,male
982,Frowin,male
983,Frowine,female
984,Gabi,female
985,Gabriel,male
986,Gabriela,female
987,Gabriele,female
988,Gabriella,female
989,Gaby,female
990,Galina,female
991,Gangolf,male
992,Gebhard,male
993,Gebhart,male
994,Gefion,female
995,Gelbert,male
996,Genia,female
997,Genoveva,female
998,Georg,male
999,Georgia,female
1000,Georgine,female
1001,Gerald,male
1002,Geraldine,female
1003,Gerborg,female
1004,Gerburg,female
1005,Gerd,male
1006,Gerda,female
1007,Gerdfried,male
1008,Gerdhild,female
1009,Gerdhilde,female
1010,Gerdi,female
1011,Gerdt,male
1012,Gereon,male
1013,Gerfried,male
1014,Gerfriede,female
1015,Gerhard,male
1016,Gerhardt,male
1017,Gerhart,male
1018,Gerheide,female
1019,Gerhild,female
1020,Gerhilde,female
1021,Gerlach,male
1022,Gerlind,female
1023,Gerlinda,female
1024,Gerlinde,female
1025,German,male
1026,Germar,male
1027,Germo,male
1028,Germut,male
1029,Gernfried,male
1030,Gernod,male
1031,Gernot,male
1032,Gernulf,male
1033,Gero,male
1034,Gerold,male
1035,Gerolda,female
1036,Gerolf,male
1037,Gerrit,male
1038,Gerritdina,female
1039,Gert,male
1040,Gerta,female
1041,Gerthilde,female
1042,Gerthold,male
1043,Gerti,female
1044,Gertmund,male
1045,Gertraud,female
1046,Gertraude,female
1047,Gertraut,female
1048,Gertraute,female
1049,Gertrud,female
1050,Gertrude,female
1051,Gertrudis,female
1052,Gertrudt,female
1053,Gertwin,male
1054,Gerwald,male
1055,Gerwin,male
1056,Gesa,female
1057,Gesche,female
1058,Gesine,female
1059,Geza,female
1060,Giesbert,male
1061,Giesela,female
1062,Gieselind,female
1063,Gila,female
1064,Gilda,female
1065,Gina,female
1066,Giovanna,female
1067,Gisa,female
1068,Gisbert,male
1069,Gisela,female
1070,Giselbert,male
1071,Giselher,male
1072,Giselind,female
1073,Giseltraud,female
1074,Gislind,female
1075,Gislinde,female
1076,Gismar,male
1077,Gitta,female
1078,Gitte,female
1079,Gitti,female
1080,Giuseppina,female
1081,Gloria,female
1082,Godelind,female
1083,Godo,male
1084,Goldina,female
1085,Goldine,female
1086,Goldtraud,female
1087,Golo,male
1088,Gordana,female
1089,Gordian,male
1090,Goswin,male
1091,Gotelind,female
1092,Gotlind,female
1093,Gottfried,male
1094,Gottfrieda,female
1095,Gottfriede,female
1096,Gotthard,male
1097,Gotthardt,male
1098,Gotthart,male
1099,Gotthelf,male
1100,Gotthilf,male
1101,Gotthold,male
1102,Gottholde,female
1103,Gottlieb,male
1104,Gottlob,male
1105,Gottreich,male
1106,Gottwald,male
1107,Gottwaldt,male
1108,Gottwalt,male
1109,Grazyna,female
1110,Gregor,male
1111,Greta,female
1112,Gretchen,female
1113,Grete,female
1114,Gretel,female
1115,Gretl,female
1116,Gretlies,female
1117,Grimbert,male
1118,Griseldis,female
1119,Grit,female
1120,Gritt,female
1121,Gritta,female
1122,Gudrun,female
1123,Gudula,female
1124,Guido,male
1125,Gunda,female
1126,Gundel,female
1127,Gundela,female
1128,Gundemarie,female
1129,Gundhard,male
1130,Gundhart,male
1131,Gundhild,female
1132,Gundhilde,female
1133,Gundi,female
1134,Gundmar,male
1135,Gundolf,male
1136,Gundula,female
1137,Gunfried,male
1138,Gunhard,male
1139,Gunhild,female
1140,Gunhilde,female
1141,Gunnar,male
1142,Gunter,male
1143,Gunthard,male
1144,Gunther,male
1145,Gunthild,female
1146,Guntmar,male
1147,Guntram,male
1148,Gustav,male
1149,Gustel,female
1150,Gustel,male
1151,Gusti,female
1152,Gustl,female
1153,Gustl,male
1154,Gönül,female
1155,Gülay,female
1156,Gülsen,female
1157,Gülten,female
1158,Hadburg,female
1159,Hadmut,female
1160,Hadmuthe,female
1161,Hadubert,male
1162,Hadumod,female
1163,Hadwig,female
1164,Hagen,male
1165,Haimo,male
1166,Halina,female
1167,Hanfried,male
1168,Hanife,female
1169,Hanna,female
1170,Hannah,female
1171,Hannchen,female
1172,Hanne,female
1173,Hanne-Lore,female
1174,Hannegret,female
1175,Hannelene,female
1176,Hannelie,female
1177,Hanneliese,female
1178,Hannelore,female
1179,Hannelotte,female
1180,Hannemarie,female
1181,Hannerose,female
1182,Hannes,male
1183,Hannetraud,female
1184,Hanni,female
1185,Hannmeike,female
1186,Hanno,male
1187,Hanns,male
1188,Hannsgeorg,male
1189,Hannspeter,male
1190,Hanny,female
1191,Hans,male
1192,Hansdieter,male
1193,Hansfried,male
1194,Hansfriedrich,male
1195,Hansgeorg,male
1196,Hansgerd,male
1197,Hansheinz,male
1198,Hanshelmut,male
1199,Hanshermann,male
1200,Hansi,male
1201,Hansjakob,male
1202,Hansjoachim,male
1203,Hansjochen,male
1204,Hanskarl,male
1205,Hansl,male
1206,Hansludwig,male
1207,Hansmartin,male
1208,Hansotto,male
1209,Hanspeter,male
1210,Hanswalter,male
1211,Hanswerner,male
1212,Hanswilhelm,male
1213,Hanswolf,male
1214,Harald,male
1215,Haralda,female
1216,Harda,female
1217,Hardi,male
1218,Hardo,male
1219,Hardy,male
1220,Hariolf,male
1221,Harri,male
1222,Harribert,male
1223,Harriet,female
1224,Harro,male
1225,Harry,male
1226,Hartfried,male
1227,Hartger,male
1228,Hartlieb,male
1229,Hartmann,male
1230,Hartmund,male
1231,Hartmut,male
1232,Hartmuth,male
1233,Hartwald,male
1234,Hartwig,male
1235,Hartwin,male
1236,Hasko,male
1237,Hasso,male
1238,Hatice,female
1239,Hatto,male
1240,Haug,male
1241,Haymo,male
1242,Hedda,female
1243,Hedi,female
1244,Hedwig,female
1245,Hedy,female
1246,Heide,female
1247,Heide-Marie,female
1248,Heidebert,male
1249,Heidegard,female
1250,Heidegret,female
1251,Heidegunde,female
1252,Heidelies,female
1253,Heideliese,female
1254,Heidelind,female
1255,Heidelinde,female
1256,Heideline,female
1257,Heidelore,female
1258,Heidemaria,female
1259,Heidemarie,female
1260,Heiderich,male
1261,Heiderose,female
1262,Heidetraud,female
1263,Heidfried,male
1264,Heidi,female
1265,Heidrun,female
1266,Heidy,female
1267,Heike,female
1268,Heiko,male
1269,Heilmuth,male
1270,Heilwig,female
1271,Heilwig,male
1272,Heimar,male
1273,Heimbert,male
1274,Heimfrid,male
1275,Heimgard,female
1276,Heimhart,male
1277,Heimo,male
1278,Heimtraud,female
1279,Heimwald,male
1280,Heiner,male
1281,Heinfried,male
1282,Heini,male
1283,Heino,male
1284,Heinolf,male
1285,Heinrich,male
1286,Heintje,male
1287,Heinz,male
1288,Heinzdieter,male
1289,Heinzfried,male
1290,Heinzhermann,male
1291,Heinzkarl,male
1292,Heinzpeter,male
1293,Heinzwerner,male
1294,Helbert,male
1295,Helen,female
1296,Helena,female
1297,Helene,female
1298,Helfred,male
1299,Helfrid,male
1300,Helfried,male
1301,Helga,female
1302,Helgard,female
1303,Helge,male
1304,Helgert,male
1305,Helgomar,male
1306,Helgrid,female
1307,Heliane,female
1308,Hella,female
1309,Hellfried,male
1310,Hellgard,female
1311,Hellmut,male
1312,Hellmuth,male
1313,Helm,male
1314,Helma,female
1315,Helmar,male
1316,Helmbrecht,male
1317,Helmfried,male
1318,Helmgard,female
1319,Helmine,female
1320,Helmo,male
1321,Helmrich,male
1322,Helmtraud,female
1323,Helmtraut,female
1324,Helmtrud,female
1325,Helmut,male
1326,Helmuth,male
1327,Helmward,male
1328,Helrike,female
1329,Heltrud,female
1330,Helwart,male
1331,Helwig,male
1332,Helwin,male
1333,Hendrik,male
1334,Henni,female
1335,Henning,male
1336,Henny,female
1337,Henri,female
1338,Henriette,female
1339,Henrik,male
1340,Henrike,female
1341,Henry,male
1342,Herald,male
1343,Herbert,male
1344,Herfried,male
1345,Herger,male
1346,Heribert,male
1347,Herko,male
1348,Herlind,female
1349,Herlinde,female
1350,Herma,female
1351,Hermann,male
1352,Hermelinda,female
1353,Hermelinde,female
1354,Hermfried,male
1355,Hermi,female
1356,Hermine,female
1357,Herold,male
1358,Herrmann,male
1359,Herta,female
1360,Hertha,female
1361,Hertraud,female
1362,Herwald,male
1363,Herward,male
1364,Herwart,male
1365,Herwarth,male
1366,Herwig,male
1367,Herwiga,female
1368,Herzlinde,female
1369,Hetty,female
1370,Heyko,male
1371,Heyo,male
1372,Hieronimus,male
1373,Hieronymus,male
1374,Hilar,male
1375,Hilarius,male
1376,Hilda,female
1377,Hildburg,female
1378,Hildburga,female
1379,Hilde,female
1380,Hildebert,male
1381,Hildebrand,male
1382,Hildeburg,female
1383,Hildegard,female
1384,Hildegardt,female
1385,Hildegart,female
1386,Hildegund,female
1387,Hildegunde,female
1388,Hildelies,female
1389,Hildelind,female
1390,Hildemar,male
1391,Hildemarie,female
1392,Hilderose,female
1393,Hildetraud,female
1394,Hildmar,male
1395,Hildrun,female
1396,Hildtraud,female
1397,Hilfried,male
1398,Hilgrun,female
1399,Hilma,female
1400,Hilmar,male
1401,Hiltraud,female
1402,Hiltraut,female
1403,Hiltrud,female
1404,Hiltrude,female
1405,Hiltrun,female
1406,Hippolytus,male
1407,Hoimar,male
1408,Holdina,female
1409,Holger,male
1410,Holk,male
1411,Holle,female
1412,Holm,male
1413,Holmer,male
1414,Horst,male
1415,Horstfried,male
1416,Horstmar,male
1417,Hubert,male
1418,Huberta,female
1419,Hubertina,female
1420,Hubertine,female
1421,Hubertus,male
1422,Hugo,male
1423,Hulda,female
1424,Huldine,female
1425,Humbert,male
1426,Hülya,female
1427,Ida,female
1428,Idamarie,female
1429,Ignatia,female
1430,Ignatz,male
1431,Ignaz,male
1432,Ignazia,female
1433,Ildiko,female
1434,Ilka,female
1435,Ilona,female
1436,Ilonka,female
1437,Ilrich,male
1438,Ilsa,female
1439,Ilsabe,female
1440,Ilse,female
1441,Ilsedore,female
1442,Ilsefriede,female
1443,Ilsegard,female
1444,Ilsegret,female
1445,Ilselore,female
1446,Ilsemarie,female
1447,Ilseruth,female
1448,Ilsetraud,female
1449,Ilsetraut,female
1450,Imelda,female
1451,Imke,female
1452,Immanuel,male
1453,Ina,female
1454,Ines,female
1455,Inga,female
1456,Ingbert,male
1457,Inge,female
1458,Ingeborg,female
1459,Ingeburg,female
1460,Ingedore,female
1461,Ingelene,female
1462,Ingelies,female
1463,Ingelinde,female
1464,Ingelore,female
1465,Ingelotte,female
1466,Ingemarie,female
1467,Ingerose,female
1468,Ingeruth,female
1469,Ingetraud,female
1470,Ingetraut,female
1471,Ingetrud,female
1472,Ingfried,male
1473,Inghard,male
1474,Ingmar,male
1475,Ingo,male
1476,Ingobert,male
1477,Ingolde,female
1478,Ingolf,male
1479,Ingomar,male
1480,Ingowart,male
1481,Ingram,male
1482,Ingrid,female
1483,Ingried,female
1484,Ingrun,female
1485,Ingunde,female
1486,Inka,female
1487,Inken,female
1488,Inkmar,male
1489,Inna,female
1490,Innozenz,male
1491,Insa,female
1492,Ira,female
1493,Irena,female
1494,Irene,female
1495,Ireneus,male
1496,Irina,female
1497,Iris,female
1498,Irlanda,female
1499,Irma,female
1500,Irmela,female
1501,Irmelie,female
1502,Irmelin,female
1503,Irmelinde,female
1504,Irmengard,female
1505,Irmengild,female
1506,Irmentraud,female
1507,Irmentraut,female
1508,Irmfried,male
1509,Irmfriede,female
1510,Irmgard,female
1511,Irmgarda,female
1512,Irmgardt,female
1513,Irmhild,female
1514,Irmhilde,female
1515,Irmi,female
1516,Irmin,male
1517,Irminfried,male
1518,Irmingard,female
1519,Irmintraud,female
1520,Irmlind,female
1521,Irmlinde,female
1522,Irmo,male
1523,Irmtraud,female
1524,Irmtraut,female
1525,Irmtrud,female
1526,Irmtrude,female
1527,Isa,female
1528,Isabel,female
1529,Isabell,female
1530,Isabella,female
1531,Isabelle,female
1532,Isbert,male
1533,Isedore,female
1534,Iselore,female
1535,Isfried,male
1536,Isgard,female
1537,Ishild,female
1538,Ishilde,female
1539,Isidor,male
1540,Ismene,female
1541,Isolde,female
1542,Ivana,female
1543,Ivanka,female
1544,Iven,male
1545,Ivette,female
1546,Ivo,male
1547,Ivonne,female
1548,Iwona,female
1549,Jacob,male
1550,Jacqueline,female
1551,Jadwiga,female
1552,Jakob,male
1553,Jan,male
1554,Jana,female
1555,Jane,female
1556,Janet,female
1557,Janett,female
1558,Janette,female
1559,Janfried,male
1560,Janin,female
1561,Janina,female
1562,Janine,female
1563,Janna,female
1564,Jannick,male
1565,Jannine,female
1566,Jaqueline,female
1567,Jasmin,female
1568,Jasmina,female
1569,Jean,male
1570,Jeanett,female
1571,Jeanette,female
1572,Jeannette,female
1573,Jeannine,female
1574,Jelena,female
1575,Jennifer,female
1576,Jenny,female
1577,Jens,male
1578,Jessica,female
1579,Jessika,female
1580,Jo,female
1581,Jo,male
1582,Joachim,male
1583,Joana,female
1584,Joanna,female
1585,Jobst,male
1586,Jochen,male
1587,Joel,male
1588,Johann,male
1589,Johanna,female
1590,Johanne,female
1591,Johannes,male
1592,Johannette,female
1593,Jolanda,female
1594,Jolande,female
1595,Jolanta,female
1596,Jolante,female
1597,Jolantha,female
1598,Jolanthe,female
1599,Jonas,male
1600,Jonathan,male
1601,Jonny,male
1602,Jons,male
1603,Joscha,male
1604,Joschka,male
1605,Josef,male
1606,Josefa,female
1607,Josefine,female
1608,Joseph,male
1609,Josepha,female
1610,Josephina,female
1611,Josephine,female
1612,Jost,male
1613,Josua,male
1614,Judith,female
1615,Juditha,female
1616,Julia,female
1617,Julian,male
1618,Juliana,female
1619,Juliane,female
1620,Julie,female
1621,Julius,male
1622,Jupp,male
1623,Just,male
1624,Justina,female
1625,Justine,female
1626,Justus,male
1627,Jutta,female
1628,Kai,male
1629,Kajetan,male
1630,Kareen,female
1631,Karen,female
1632,Karena,female
1633,Karin,female
1634,Karina,female
1635,Karl,male
1636,Karla,female
1637,Karlernst,male
1638,Karleugen,male
1639,Karlfried,male
1640,Karlfrieder,male
1641,Karlfriedrich,male
1642,Karlgeorg,male
1643,Karlhans,male
1644,Karlheiner,male
1645,Karlheinrich,male
1646,Karlheinz,male
1647,Karlhorst,male
1648,Karli,male
1649,Karlmann,male
1650,Karlotto,male
1651,Karlpeter,male
1652,Karola,female
1653,Karolin,female
1654,Karolina,female
1655,Karoline,female
1656,Karsta,female
1657,Karsten,male
1658,Kasimir,male
1659,Kaspar,male
1660,Kassandra,female
1661,Kata,female
1662,Katalin,female
1663,Katarina,female
1664,Katarzyna,female
1665,Katerina,female
1666,Katharina,female
1667,Katharine,female
1668,Katherina,female
1669,Kathi,female
1670,Kathleen,female
1671,Kathrein,female
1672,Kathrin,female
1673,Kathrina,female
1674,Kathrinchen,female
1675,Kathy,female
1676,Kati,female
1677,Katja,female
1678,Katrein,female
1679,Katrin,female
1680,Katrina,female
1681,Katy,female
1682,Kay,male
1683,Kersten,female
1684,Kersten,male
1685,Kerstin,female
1686,Kevin,male
1687,Kilian,male
1688,Kira,female
1689,Kirsten,female
1690,Kirstin,female
1691,Klara,female
1692,Klarissa,female
1693,Klaudia,female
1694,Klaudius,male
1695,Klaus,male
1696,Klausdieter,male
1697,Klauspeter,male
1698,Klemens,male
1699,Klementine,female
1700,Klothilde,female
1701,Klothildis,female
1702,Klotilde,female
1703,Kläre,female
1704,Knut,male
1705,Knuth,male
1706,Konrad,male
1707,Konradin,male
1708,Konstantin,male
1709,Konstanze,female
1710,Kora,female
1711,Korbinian,male
1712,Kord,male
1713,Kordelia,female
1714,Kordula,female
1715,Korinna,female
1716,Kornelia,female
1717,Kornelius,male
1718,Kreszentia,female
1719,Kreszenz,female
1720,Kreszenzia,female
1721,Kriemhild,female
1722,Kriemhilde,female
1723,Krimhild,female
1724,Krimhilde,female
1725,Krista,female
1726,Kristian,male
1727,Kristiane,female
1728,Kristin,female
1729,Kristina,female
1730,Kristine,female
1731,Kruno,male
1732,Krystyna,female
1733,Kunibert,male
1734,Kunigunda,female
1735,Kunigunde,female
1736,Kuno,male
1737,Kurd,male
1738,Kurt,male
1739,Kurth,male
1740,Kyra,female
1741,Käte,female
1742,Käthe,female
1743,Käthi,female
1744,Laila,female
1745,Lambert,male
1746,Landolf,male
1747,Lara,female
1748,Larissa,female
1749,Lars,male
1750,Laura,female
1751,Laurentius,male
1752,Laurenz,male
1753,Lea,female
1754,Leander,male
1755,Leberecht,male
1756,Lebrecht,male
1757,Leila,female
1758,Lena,female
1759,Lenard,male
1760,Lene,female
1761,Leni,female
1762,Lenore,female
1763,Lenz,male
1764,Leo,male
1765,Leokadia,female
1766,Leon,male
1767,Leongard,female
1768,Leonhard,male
1769,Leonharda,female
1770,Leonhardt,male
1771,Leoni,female
1772,Leonie,female
1773,Leonore,female
1774,Leopold,male
1775,Leopoldina,female
1776,Leopoldine,female
1777,Lerke,female
1778,Leuthold,male
1779,Lewin,male
1780,Leyla,female
1781,Lia,female
1782,Liane,female
1783,Liborius,male
1784,Lidia,female
1785,Lidija,female
1786,Lidwina,female
1787,Liebgard,female
1788,Liebgunde,female
1789,Liebhard,male
1790,Liebhardt,male
1791,Lienard,male
1792,Lienhard,male
1793,Lienhardt,male
1794,Liesa,female
1795,Liesbeth,female
1796,Lieschen,female
1797,Liesegret,female
1798,Liesel,female
1799,Lieselene,female
1800,Lieselore,female
1801,Lieselotte,female
1802,Liesgret,female
1803,Liesl,female
1804,Lili,female
1805,Lilia,female
1806,Lilian,female
1807,Liliana,female
1808,Liliane,female
1809,Lilibeth,female
1810,Lilija,female
1811,Lilli,female
1812,Lilly,female
1813,Lilo,female
1814,Lily,female
1815,Lina,female
1816,Linda,female
1817,Linde,female
1818,Lindemarie,female
1819,Lindhilde,female
1820,Lindmar,male
1821,Linhart,male
1822,Linhilde,female
1823,Lintrud,female
1824,Lioba,female
1825,Lisa,female
1826,Lisanne,female
1827,Lisbeth,female
1828,Lise,female
1829,Lisel,female
1830,Liselore,female
1831,Liselotte,female
1832,Lisette,female
1833,Lisl,female
1834,Lissi,female
1835,Lissy,female
1836,Ljiljana,female
1837,Ljubica,female
1838,Ljudmila,female
1839,Lois,male
1840,Loisl,male
1841,Lona,female
1842,Loni,female
1843,Lore,female
1844,Lorelies,female
1845,Loreliese,female
1846,Loremarie,female
1847,Lorenz,male
1848,Loretta,female
1849,Lothar,male
1850,Lotte,female
1851,Lottelore,female
1852,Lottemaria,female
1853,Lotti,female
1854,Louis,male
1855,Louise,female
1856,Lucas,male
1857,Lucia,female
1858,Lucie,female
1859,Ludger,male
1860,Ludmila,female
1861,Ludmilla,female
1862,Ludolf,male
1863,Ludwig,male
1864,Ludwiga,female
1865,Ludwina,female
1866,Luisa,female
1867,Luise,female
1868,Luitgard,female
1869,Luitgart,female
1870,Luitpold,male
1871,Luitwin,male
1872,Luka,female
1873,Lukas,male
1874,Lutz,male
1875,Luzia,female
1876,Luzie,female
1877,Lydia,female
1878,Lysann,female
1879,Madeleine,female
1880,Madita,female
1881,Madleine,female
1882,Madlen,female
1883,Magarete,female
1884,Magda,female
1885,Magdalena,female
1886,Magdalene,female
1887,Magret,female
1888,Magrit,female
1889,Maic,male
1890,Maik,male
1891,Maike,female
1892,Maja,female
1893,Maleen,female
1894,Malgorzata,female
1895,Malte,male
1896,Malve,female
1897,Malwine,female
1898,Mandy,female
1899,Manfred,male
1900,Manfried,male
1901,Manhard,male
1902,Manhardt,male
1903,Manhold,male
1904,Mania,female
1905,Manja,female
1906,Manuel,male
1907,Manuela,female
1908,Mara,female
1909,Marbod,male
1910,Marc,male
1911,Marcel,male
1912,Marcella,female
1913,Marcellus,male
1914,Marco,male
1915,Marcus,male
1916,Mareen,female
1917,Marei,female
1918,Mareike,female
1919,Mareile,female
1920,Maren,female
1921,Marena,female
1922,Marfried,male
1923,Marfriede,female
1924,Marga,female
1925,Margaret,female
1926,Margareta,female
1927,Margarete,female
1928,Margareth,female
1929,Margaretha,female
1930,Margarethe,female
1931,Margarita,female
1932,Margaritta,female
1933,Margit,female
1934,Margita,female
1935,Margitta,female
1936,Margitte,female
1937,Margolf,male
1938,Margot,female
1939,Margret,female
1940,Margreth,female
1941,Margrid,female
1942,Margrit,female
1943,Margund,female
1944,Margunde,female
1945,Marhild,female
1946,Maria,female
1947,Maria-Luise,female
1948,Maria-Theresia,female
1949,Marian,male
1950,Mariana,female
1951,Marianna,female
1952,Marianne,female
1953,Marica,female
1954,Marie,female
1955,Marie-Louise,female
1956,Marie-Luise,female
1957,Marie-Theres,female
1958,Marie-Therese,female
1959,Mariechen,female
1960,Mariedore,female
1961,Mariegret,female
1962,Mariele,female
1963,Marielene,female
1964,Marielies,female
1965,Marieliese,female
1966,Marielouise,female
1967,Marieluise,female
1968,Marietheres,female
1969,Marietraud,female
1970,Marietta,female
1971,Marija,female
1972,Marika,female
1973,Marilen,female
1974,Marilene,female
1975,Marilu,female
1976,Marina,female
1977,Marinette,female
1978,Mario,male
1979,Mariola,female
1980,Marion,female
1981,Marisa,female
1982,Marit,female
1983,Marita,female
1984,Maritta,female
1985,Marius,male
1986,Marjan,female
1987,Mark,male
1988,Marko,male
1989,Markolf,male
1990,Markus,male
1991,Markward,male
1992,Markwart,male
1993,Marleen,female
1994,Marlen,female
1995,Marlene,female
1996,Marli,female
1997,Marlies,female
1998,Marliese,female
1999,Marlinde,female
2000,Marlis,female
2001,Marlit,female
2002,Marlitt,female
2003,Marold,male
2004,Marta,female
2005,Martha,female
2006,Martin,male
2007,Martina,female
2008,Martine,female
2009,Martrud,female
2010,Mary,female
2011,Marzel,male
2012,Marzellus,male
2013,Marzena,female
2014,Mathias,male
2015,Mathilde,female
2016,Mathis,male
2017,Matthias,male
2018,Maurus,male
2019,Max,male
2020,Maxi,female
2021,Maxie,female
2022,Maximilian,male
2023,Maximiliane,female
2024,Maximillian,male
2025,Maxl,male
2026,Maya,female
2027,Mayk,male
2028,Mechthild,female
2029,Mechthilde,female
2030,Mechtild,female
2031,Mechtilde,female
2032,Medard,male
2033,Medardus,male
2034,Meik,male
2035,Meike,female
2036,Meikel,male
2037,Meinard,male
2038,Meinfried,male
2039,Meinfriede,female
2040,Meinhard,male
2041,Meinhart,male
2042,Meinold,male
2043,Meinolf,male
2044,Meinrad,male
2045,Meinulf,male
2046,Melanie,female
2047,Melchior,male
2048,Melinda,female
2049,Melisande,female
2050,Melissa,female
2051,Melita,female
2052,Melitta,female
2053,Meral,female
2054,Mercedes,female
2055,Merlind,female
2056,Merlinde,female
2057,Merten,male
2058,Meryem,female
2059,Meta,female
2060,Mia,female
2061,Micha,male
2062,Michael,male
2063,Michaela,female
2064,Michaele,female
2065,Michel,male
2066,Michelle,female
2067,Michl,male
2068,Mike,male
2069,Milena,female
2070,Milica,female
2071,Milka,female
2072,Milli,female
2073,Mina,female
2074,Minna,female
2075,Mira,female
2076,Mirco,male
2077,Mirella,female
2078,Miriam,female
2079,Mirja,female
2080,Mirjam,female
2081,Mirjana,female
2082,Mirko,male
2083,Miroslawa,female
2084,Mischel,male
2085,Mona,female
2086,Monica,female
2087,Monika,female
2088,Monique,female
2089,Monja,female
2090,Moritz,male
2091,Muthild,female
2092,Myriam,female
2093,Myrjam,female
2094,Myrta,female
2095,Nada,female
2096,Nadeschda,female
2097,Nadeshda,female
2098,Nadia,female
2099,Nadin,female
2100,Nadine,female
2101,Nadja,female
2102,Nancy,female
2103,Nanni,female
2104,Natali,female
2105,Natalia,female
2106,Natalie,female
2107,Natalija,female
2108,Natalja,female
2109,Natascha,female
2110,Nathalie,female
2111,Nathanael,male
2112,Neidhard,male
2113,Neidhardt,male
2114,Neithard,male
2115,Neithart,male
2116,Nelli,female
2117,Nelly,female
2118,Nepomuk,male
2119,Nermin,female
2120,Nevenka,female
2121,Nick,male
2122,Nicki,male
2123,Nicky,male
2124,Nico,male
2125,Nicola,female
2126,Nicolas,male
2127,Nicolaus,male
2128,Nicole,female
2129,Niels,male
2130,Niklas,male
2131,Niklaus,male
2132,Niko,male
2133,Nikodem,male
2134,Nikodemus,male
2135,Nikola,female
2136,Nikolas,male
2137,Nikolaus,male
2138,Nils,male
2139,Nina,female
2140,Noa,female
2141,Nora,female
2142,Norbert,male
2143,Nordfried,male
2144,Nordrun,female
2145,Norfried,male
2146,Norma,female
2147,Norman,male
2148,Nortrud,female
2149,Nortrun,female
2150,Norwin,male
2151,Notburg,female
2152,Notburga,female
2153,Notfried,male
2154,Notker,male
2155,Nunzius,male
2156,Nuran,female
2157,Nuray,female
2158,Nurten,female
2159,Oda,female
2160,Odilo,male
2161,Olaf,male
2162,Olav,female
2163,Olena,female
2164,Olf,male
2165,Olga,female
2166,Olinde,female
2167,Oliver,male
2168,Olivia,female
2169,Olli,male
2170,Ornulf,male
2171,Ortfried,male
2172,Ortmund,male
2173,Ortraud,female
2174,Ortrud,female
2175,Ortrun,female
2176,Ortwin,male
2177,Oskar,male
2178,Oslinde,female
2179,Osmund,male
2180,Oswald,male
2181,Oswin,male
2182,Otbert,male
2183,Otfried,male
2184,Otger,male
2185,Otheinrich,male
2186,Othmar,male
2187,Otmar,male
2188,Ottfried,male
2189,Otthard,male
2190,Otthart,male
2191,Otthein,male
2192,Ottheinrich,male
2193,Ottheinz,male
2194,Otthold,male
2195,Otti,female
2196,Ottilia,female
2197,Ottilie,female
2198,Ottkar,male
2199,Ottmar,male
2200,Otto,male
2201,Ottobert,male
2202,Ottokar,male
2203,Ottomar,male
2204,Ottwin,male
2205,Otwald,male
2206,Otwin,male
2207,Oxana,female
2208,Pamela,female
2209,Pankratius,male
2210,Pankraz,male
2211,Paola,female
2212,Pascal,male
2213,Pascale,female
2214,Patricia,female
2215,Patrick,male
2216,Patrizia,female
2217,Paul,male
2218,Paula,female
2219,Paulfried,male
2220,Paulina,female
2221,Pauline,female
2222,Paulinus,male
2223,Paulus,male
2224,Peggy,female
2225,Peter,male
2226,Petra,female
2227,Philine,female
2228,Philip,male
2229,Philipine,female
2230,Philipp,male
2231,Phillip,male
2232,Phillipp,male
2233,Phillippus,male
2234,Philomena,female
2235,Pia,female
2236,Pierre,male
2237,Pirmin,male
2238,Pius,male
2239,Poldi,female
2240,Polina,female
2241,Priska,female
2242,Quintus,male
2243,Quirin,male
2244,Rabea,female
2245,Radegundis,female
2246,Radmila,female
2247,Rahel,female
2248,Raik,male
2249,Raimar,male
2250,Raimer,male
2251,Raimond,male
2252,Raimund,male
2253,Raimunde,female
2254,Rainald,male
2255,Rainer,male
2256,Raingardis,female
2257,Rainhard,male
2258,Rainhardt,male
2259,Rainmund,male
2260,Raisa,female
2261,Raissa,female
2262,Ralf,male
2263,Ralph,male
2264,Ramona,female
2265,Randolf,male
2266,Randolph,male
2267,Raphael,male
2268,Raphaela,female
2269,Rasso,male
2270,Rathgunde,female
2271,Rauthgundis,female
2272,Raymund,male
2273,Rebecca,female
2274,Rebecka,female
2275,Rebekka,female
2276,Regelinde,female
2277,Regelindis,female
2278,Regina,female
2279,Reginbert,male
2280,Regine,female
2281,Reginhardt,male
2282,Reglind,female
2283,Reglindis,female
2284,Reimo,male
2285,Reimund,male
2286,Reinald,male
2287,Reinar,male
2288,Reinbert,male
2289,Reinburga,female
2290,Reiner,male
2291,Reinfried,male
2292,Reinfriede,female
2293,Reingard,female
2294,Reinhard,male
2295,Reinhardine,female
2296,Reinhardt,male
2297,Reinhart,male
2298,Reinhild,female
2299,Reinhilde,female
2300,Reinhildis,female
2301,Reinhold,male
2302,Reinholdine,female
2303,Reinholdt,male
2304,Reinlinde,female
2305,Reinmar,male
2306,Reino,male
2307,Reinold,male
2308,Reintraud,female
2309,Reintraut,female
2310,Reinulf,male
2311,Reinwald,male
2312,Relindis,female
2313,Rembert,male
2314,Remigius,male
2315,Rena,female
2316,Renald,male
2317,Renata,female
2318,Renate,female
2319,Renatus,male
2320,Reni,female
2321,Renilde,female
2322,Renold,male
2323,Reny,female
2324,Resel,female
2325,Resi,female
2326,Resie,female
2327,Resilotte,female
2328,Rezzo,male
2329,Rhiane,female
2330,Ria,female
2331,Riana,female
2332,Ribana,female
2333,Ricarda,female
2334,Richard,male
2335,Richarda,female
2336,Richardis,female
2337,Rico,male
2338,Rigbert,male
2339,Rigo,male
2340,Rigobert,male
2341,Rilana,female
2342,Rimbert,male
2343,Ringo,male
2344,Rita,female
2345,Robby,male
2346,Robert,male
2347,Roberto,male
2348,Rochus,male
2349,Roderich,male
2350,Roger,male
2351,Roland,male
2352,Rolf,male
2353,Roman,male
2354,Romana,female
2355,Romanus,male
2356,Romi,female
2357,Rommy,female
2358,Romy,female
2359,Ronald,male
2360,Ronny,male
2361,Rosa,female
2362,Rosa-Maria,female
2363,Rosalia,female
2364,Rosalie,female
2365,Rosalinde,female
2366,Rosamarie,female
2367,Rose,female
2368,Rose-Marie,female
2369,Rosegret,female
2370,Rosegunde,female
2371,Rosehilde,female
2372,Rosel,female
2373,Roselene,female
2374,Roselette,female
2375,Roselies,female
2376,Roseliese,female
2377,Roselind,female
2378,Roselinde,female
2379,Roseline,female
2380,Roselius,male
2381,Roselore,female
2382,Roselotte,female
2383,Rosely,female
2384,Rosemaria,female
2385,Rosemarie,female
2386,Rosemie,female
2387,Rosetraut,female
2388,Rosi,female
2389,Rosie,female
2390,Rosina,female
2391,Rosita,female
2392,Rositta,female
2393,Rosl,female
2394,Roslinda,female
2395,Roslinde,female
2396,Rosmarie,female
2397,Roswita,female
2398,Roswitha,female
2399,Rotger,male
2400,Rothmund,male
2401,Rotraud,female
2402,Rotraut,female
2403,Rouven,male
2404,Ruben,male
2405,Rudenz,male
2406,Rudger,male
2407,Rudi,male
2408,Rudolf,male
2409,Rudolfina,female
2410,Rudolph,male
2411,Runald,male
2412,Runfried,male
2413,Runhild,female
2414,Rupert,male
2415,Rupertus,male
2416,Ruppert,male
2417,Rupprecht,male
2418,Ruprecht,male
2419,Rutger,male
2420,Ruth,female
2421,Ruthard,male
2422,Ruthild,female
2423,Ruthilde,female
2424,Sabina,female
2425,Sabinchen,female
2426,Sabine,female
2427,Sabrina,female
2428,Sabrine,female
2429,Sahra,female
2430,Samira,female
2431,Samuel,male
2432,Sandra,female
2433,Sandy,female
2434,Sanna,female
2435,Sara,female
2436,Sarah,female
2437,Sarina,female
2438,Sascha,male
2439,Saskia,female
2440,Scholastika,female
2441,Schorsch,male
2442,Schwanhild,female
2443,Sebald,male
2444,Sebastian,male
2445,Seibold,male
2446,Selina,female
2447,Selma,female
2448,Semra,female
2449,Senta,female
2450,Sepp,male
2451,Seppl,male
2452,Serafine,female
2453,Sergius,male
2454,Serpil,female
2455,Severin,male
2456,Sevim,female
2457,Sibel,female
2458,Sibilla,female
2459,Sibille,female
2460,Sibrand,male
2461,Sibyl,female
2462,Sibylla,female
2463,Sibylle,female
2464,Sidonie,female
2465,Sidonius,male
2466,Siegbert,male
2467,Siegberta,female
2468,Siegbritta,female
2469,Siegenot,male
2470,Siegert,male
2471,Siegfrid,male
2472,Siegfried,male
2473,Siegfrieda,female
2474,Siegfriede,female
2475,Sieghard,male
2476,Siegharda,female
2477,Sieghardt,male
2478,Sieghart,male
2479,Sieghelm,male
2480,Sieghild,female
2481,Sieghilde,female
2482,Sieglind,female
2483,Sieglinde,female
2484,Siegmar,male
2485,Siegmund,male
2486,Siegrid,female
2487,Siegried,female
2488,Siegrun,female
2489,Siegtraud,female
2490,Siegulf,male
2491,Siegwald,male
2492,Siegward,male
2493,Siegwart,male
2494,Sigbert,male
2495,Sigenot,male
2496,Sigfrid,male
2497,Sigfried,male
2498,Siggi,female
2499,Siggi,male
2500,Sighard,male
2501,Sighart,male
2502,Sighelm,male
2503,Sighild,female
2504,Sighilde,female
2505,Sigi,female
2506,Sigi,male
2507,Sigisbert,male
2508,Sigishelm,male
2509,Sigismund,male
2510,Siglind,female
2511,Siglinde,female
2512,Sigmar,male
2513,Sigmund,male
2514,Sigmut,male
2515,Sigolf,male
2516,Sigrid,female
2517,Sigrun,female
2518,Sigtraud,female
2519,Sigtrud,female
2520,Sigunde,female
2521,Sigune,female
2522,Sigurd,male
2523,Sigward,male
2524,Sigwart,male
2525,Silja,female
2526,Silke,female
2527,Silva,female
2528,Silvana,female
2529,Silvester,male
2530,Silvia,female
2531,Silvio,male
2532,Simon,male
2533,Simona,female
2534,Simone,female
2535,Simpert,male
2536,Simperta,female
2537,Sina,female
2538,Sinaida,female
2539,Sindy,female
2540,Siska,female
2541,Sissy,female
2542,Sixtus,male
2543,Slavica,female
2544,Sofia,female
2545,Sofie,female
2546,Solveig,female
2547,Songül,female
2548,Sonia,female
2549,Sonja,female
2550,Sonnfried,male
2551,Sonngard,female
2552,Sonnhard,male
2553,Sonnhardt,male
2554,Sonnhild,female
2555,Sonnhilde,female
2556,Sophia,female
2557,Sophie,female
2558,Stanislaus,male
2559,Stefan,male
2560,Stefani,female
2561,Stefania,female
2562,Stefanie,female
2563,Steff,male
2564,Steffan,male
2565,Steffen,male
2566,Steffi,female
2567,Steffie,female
2568,Stella,female
2569,Steph,male
2570,Stephan,male
2571,Stephania,female
2572,Stephanie,female
2573,Stephanus,male
2574,Steve,male
2575,Steven,male
2576,Stilla,female
2577,Sturmhard,male
2578,Sturmius,male
2579,Sunhild,female
2580,Susan,female
2581,Susana,female
2582,Susann,female
2583,Susanna,female
2584,Susanne,female
2585,Suse,female
2586,Susen,female
2587,Susette,female
2588,Susi,female
2589,Suzanne,female
2590,Svea,female
2591,Sven,male
2592,Svenja,female
2593,Svetlana,female
2594,Swanhild,female
2595,Swanhilde,female
2596,Swantje,female
2597,Swen,male
2598,Swetlana,female
2599,Sybil,female
2600,Sybill,female
2601,Sybilla,female
2602,Sybille,female
2603,Sylke,female
2604,Sylvana,female
2605,Sylvelin,female
2606,Sylvester,male
2607,Sylvia,female
2608,Sylvie,female
2609,Sylvio,male
2610,Sylvius,male
2611,Sylwia,female
2612,Tabea,female
2613,Tamara,female
2614,Tania,female
2615,Tanja,female
2616,Tankred,male
2617,Tassilo,male
2618,Tatiana,female
2619,Tatjana,female
2620,Tell,male
2621,Telse,female
2622,Teresa,female
2623,Thankmar,male
2624,Thassilo,male
2625,Thea,female
2626,Theda,female
2627,Thekla,female
2628,Theo,male
2629,Theobald,male
2630,Theobalda,female
2631,Theobert,male
2632,Theodeline,female
2633,Theodolinde,female
2634,Theodor,male
2635,Theodora,female
2636,Theodore,female
2637,Theofried,male
2638,Theohold,male
2639,Theolinde,female
2640,Theophil,male
2641,Theophilus,male
2642,Theres,female
2643,Theresa,female
2644,Therese,female
2645,Theresia,female
2646,Thielo,male
2647,Thiemo,male
2648,Thilde,female
2649,Thilo,male
2650,Thomas,male
2651,Thoralf,male
2652,Thorsten,male
2653,Thurid,female
2654,Thusnelda,female
2655,Tiberius,male
2656,Tiburtius,male
2657,Tiemo,male
2658,Til,male
2659,Till,male
2660,Tilla,female
2661,Tilli,female
2662,Tillmann,male
2663,Tilly,female
2664,Tilman,male
2665,Tilmann,male
2666,Tilo,male
2667,Tim,male
2668,Timmo,male
2669,Timo,male
2670,Timon,male
2671,Timotheus,male
2672,Tina,female
2673,Tino,male
2674,Titus,male
2675,Tobias,male
2676,Tom,male
2677,Tommy,male
2678,Toni,male
2679,Tony,male
2680,Toralf,male
2681,Torben,male
2682,Torge,male
2683,Torsten,male
2684,Traude,female
2685,Traudel,female
2686,Traudi,female
2687,Traudl,female
2688,Traudlinde,female
2689,Traugott,male
2690,Trauhard,male
2691,Trautchen,female
2692,Traute,female
2693,Trauthilde,female
2694,Trautlind,female
2695,Trautlinde,female
2696,Treufried,male
2697,Treuhard,male
2698,Treuhart,male
2699,Trinchen,female
2700,Tristan,male
2701,Trixi,female
2702,Trudbert,male
2703,Trude,female
2704,Trudel,female
2705,Trudi,female
2706,Trutz,male
2707,Tülay,female
2708,Türkan,female
2709,Udo,male
2710,Ula,female
2711,Ulf,male
2712,Ulfrida,female
2713,Ulfried,male
2714,Uli,male
2715,Ulla,female
2716,Ulli,male
2717,Ullrich,male
2718,Ulrich,male
2719,Ulrike,female
2720,Ulvi,male
2721,Ulwin,male
2722,Undine,female
2723,Unette,female
2724,Uranius,male
2725,Urban,male
2726,Urda,female
2727,Ursel,female
2728,Ursl,female
2729,Ursula,female
2730,Ursulina,female
2731,Ursus,male
2732,Urszula,female
2733,Urta,female
2734,Urte,female
2735,Urthe,female
2736,Uschi,female
2737,Uta,female
2738,Ute,female
2739,Utho,male
2740,Uto,male
2741,Utta,female
2742,Utto,male
2743,Utz,male
2744,Uve,male
2745,Uwe,male
2746,Valentin,male
2747,Valentina,female
2748,Valentine,female
2749,Valeri,female
2750,Valeria,female
2751,Valerian,male
2752,Valerie,female
2753,Valeska,female
2754,Vanessa,female
2755,Veit,male
2756,Veith,male
2757,Velten,male
2758,Vera,female
2759,Verena,female
2760,Verona,female
2761,Veronica,female
2762,Veronika,female
2763,Veronique,female
2764,Vesna,female
2765,Victoria,female
2766,Viktor,male
2767,Viktoria,female
2768,Vincenz,male
2769,Vinzent,male
2770,Vinzenz,male
2771,Viola,female
2772,Violetta,female
2773,Virginia,female
2774,Vitalis,male
2775,Vitus,male
2776,Viviane,female
2777,Volkard,male
2778,Volkart,male
2779,Volkbert,male
2780,Volker,male
2781,Volkhard,male
2782,Volkhardt,male
2783,Volkhart,male
2784,Volkher,male
2785,Volkmar,male
2786,Volkrad,male
2787,Volkward,male
2788,Volkwart,male
2789,Vollrath,male
2790,Volrad,male
2791,Vreneli,female
2792,Vreni,female
2793,Vroni,female
2794,Walbert,male
2795,Walburg,female
2796,Walburga,female
2797,Walda,female
2798,Waldburga,female
2799,Waldburgis,female
2800,Waldemar,male
2801,Waldfried,male
2802,Waldfriede,female
2803,Waldtraud,female
2804,Waldtraut,female
2805,Walentina,female
2806,Walfried,male
2807,Walfriede,female
2808,Walli,female
2809,Wally,female
2810,Walter,male
2811,Walther,male
2812,Walti,male
2813,Waltraud,female
2814,Waltraut,female
2815,Waltrud,female
2816,Waltrude,female
2817,Waltrudis,female
2818,Wanda,female
2819,Warnfried,male
2820,Wastl,male
2821,Wedig,male
2822,Wedigo,male
2823,Weikhard,male
2824,Welf,male
2825,Welfhard,male
2826,Wencke,female
2827,Wendel,male
2828,Wendela,female
2829,Wendelgard,female
2830,Wendelin,female
2831,Wendelin,male
2832,Wendeline,female
2833,Wendelinus,male
2834,Wendemar,male
2835,Wenke,female
2836,Wennemar,male
2837,Wenzel,male
2838,Wera,female
2839,Werner,male
2840,Wernfried,male
2841,Werngard,female
2842,Wernhard,male
2843,Wernher,male
2844,Wernhild,female
2845,Wibke,female
2846,Wichard,male
2847,Wido,male
2848,Wiebke,female
2849,Wiegand,male
2850,Wiegbert,male
2851,Wieghart,male
2852,Wieland,male
2853,Wiethold,male
2854,Wigand,male
2855,Wigbert,male
2856,Wiglaf,male
2857,Wilbert,male
2858,Wilbrand,male
2859,Wilbrandt,male
2860,Wilderich,male
2861,Wilfrid,male
2862,Wilfried,male
2863,Wilfriede,female
2864,Wilgard,female
2865,Wilhard,male
2866,Wilhardt,male
2867,Wilhelm,male
2868,Wilhelma,female
2869,Wilhelmine,female
2870,Wilja,female
2871,Willehad,male
2872,Willhart,male
2873,Willi,male
2874,Willibald,male
2875,Willibert,male
2876,Willma,female
2877,Willmar,male
2878,Willrich,male
2879,Willy,male
2880,Wilma,female
2881,Wilmar,male
2882,Wilmhard,male
2883,Wilmut,male
2884,Wiltraud,female
2885,Wiltraut,female
2886,Wiltrud,female
2887,Wiltrude,female
2888,Wiltrudis,female
2889,Winand,male
2890,Winfrid,male
2891,Winfried,male
2892,Winfriede,female
2893,Wingolf,male
2894,Winnimar,male
2895,Winrich,male
2896,Wintrud,female
2897,Withold,male
2898,Witmar,male
2899,Witta,female
2900,Wittmar,male
2901,Wladislaus,male
2902,Woldemar,male
2903,Wolf,male
2904,Wolfbert,male
2905,Wolfdieter,male
2906,Wolfdietrich,male
2907,Wolfeckart,male
2908,Wolff,male
2909,Wolfgang,male
2910,Wolfgard,female
2911,Wolfhard,male
2912,Wolfhardt,male
2913,Wolfhart,male
2914,Wolfhelm,male
2915,Wolfhermann,male
2916,Wolfhilde,female
2917,Wolfmar,male
2918,Wolfram,male
2919,Wolfrid,male
2920,Wolfried,male
2921,Wolrad,male
2922,Wulf,male
2923,Wulfhard,male
2924,Wulfhardt,male
2925,Wunibald,male
2926,Wunnibald,male
2927,Xaver,male
2928,Xaverius,male
2929,Xenia,female
2930,Yasemin,female
2931,Yasmin,female
2932,York,male
2933,Yvette,female
2934,Yvonne,female
2935,Zacharias,male
2936,Zdenka,female
2937,Zehra,female
2938,Zeno,male
2939,Zenta,female
2940,Zenzi,female
2941,Zeynep,female
2942,Zilli,female
2943,Zita,female
2944,Zofia,female
