idx,last_name
1,Abel
2,Abele
3,Abels
4,Abraham
5,Abt
6,Achatz
7,Achenbach
8,Acker
9,Ackermann
10,Adam
11,Adams
12,Adler
13,Adolf
14,Adolph
15,Adrian
16,Ahlers
17,Ahrens
18,Aigner
19,Ainfachnur
20,Alber
21,Albers
22,Albert
23,Albrecht
24,Alex
25,Alexander
26,Alles
27,Alt
28,Althaus
29,Althoff
30,Altmann
31,Altmeyer
32,Amann
33,Amend
34,Ammann
35,Ammon
36,Anders
37,Andersen
38,Andreas
39,Andres
40,Andresen
41,Anger
42,Angerer
43,Angermann
44,Anton
45,Apel
46,Appel
47,Appelt
48,Arend
49,Arendt
50,Arens
51,Arlt
52,Armbruster
53,Arndt
54,Arnold
55,Arslan
56,Artmann
57,Aschenbrenner
58,Asmus
59,Assmann
60,Auer
61,Augustin
62,Aust
63,Aydin
64,Aßmann
65,Bach
66,Bacher
67,Bachmann
68,Bachmeier
69,Back
70,Backes
71,Backhaus
72,Bade
73,Bader
74,Baer
75,Bahr
76,Baier
77,Baldauf
78,Balke
79,Ballauf
80,Baltes
81,Balzer
82,Bamberger
83,Bangert
84,Banovic
85,Baron
86,Bartel
87,Bartels
88,Bartelt
89,Barth
90,Barthel
91,Bartl
92,Bartmann
93,Bartsch
94,Bartz
95,Barz
96,Basler
97,Bast
98,Bastian
99,Batic
100,Batu
101,Bauch
102,Bauer
103,Baum
104,Baumann
105,Baumbach
106,Baumeister
107,Baumer
108,Baumert
109,Baumgart
110,Baumgarten
111,Baumgartner
112,Baumgärtel
113,Baumgärtner
114,Baur
115,Bausch
116,Bayer
117,Becher
118,Becht
119,Bechtel
120,Bechtold
121,Beck
122,Becker
123,Beckers
124,Beckert
125,Beckmann
126,Beer
127,Beermann
128,Beetz
129,Behling
130,Behm
131,Behn
132,Behnke
133,Behnken
134,Behr
135,Behrend
136,Behrends
137,Behrendt
138,Behrens
139,Behringer
140,Behrmann
141,Beier
142,Beil
143,Bell
144,Beller
145,Bellmann
146,Belz
147,Bendel
148,Bender
149,Bendig
150,Benecke
151,Benner
152,Benning
153,Bensch
154,Benz
155,Berberich
156,Berens
157,Berg
158,Bergemann
159,Bergen
160,Berger
161,Bergmann
162,Bergner
163,Berlin
164,Bernard
165,Berndt
166,Berner
167,Bernhard
168,Bernhardt
169,Berthold
170,Bertram
171,Bertsch
172,Best
173,Bethge
174,Bethke
175,Betz
176,Beutel
177,Beutler
178,Beyer
179,Bichler
180,Bickel
181,Bieber
182,Biedermann
183,Biehl
184,Bielefeld
185,Bienert
186,Bienzle
187,Bier
188,Bieri
189,Biermann
190,Biller
191,Binder
192,Birk
193,Birke
194,Birkholz
195,Birkner
196,Birner
197,Bischof
198,Bischoff
199,Bitter
200,Bittner
201,Bitzer
202,Blank
203,Blanke
204,Blankenburg
205,Blaschke
206,Blau
207,Blechschmidt
208,Blessing
209,Bley
210,Bloch
211,Block
212,Blohm
213,Blome
214,Bluhm
215,Blum
216,Blume
217,Blumenthal
218,Blümel
219,Bochmann
220,Bock
221,Bode
222,Boden
223,Boerne
224,Bogner
225,Bohl
226,Bohlen
227,Bohlmann
228,Bohm
229,Bohn
230,Bohne
231,Bohnert
232,Bohr
233,Boldt
234,Boll
235,Boller
236,Bollmann
237,Bolte
238,Bolz
239,Bongartz
240,Bonk
241,Bonn
242,Boos
243,Bootz
244,Bopp
245,Borchardt
246,Borchers
247,Borchert
248,Borgmann
249,Bork
250,Bormann
251,Born
252,Bornemann
253,Borowski
254,Borrmann
255,Bosch
256,Bosse
257,Both
258,Bothe
259,Bott
260,Boy
261,Bracht
262,Brack
263,Brammer
264,Brand
265,Brandenburg
266,Brandes
267,Brandl
268,Brandner
269,Brandstetter
270,Brandt
271,Brauer
272,Braun
273,Braune
274,Brauner
275,Brecht
276,Brede
277,Brehm
278,Brehmer
279,Breidenbach
280,Breier
281,Breit
282,Breitenbach
283,Bremer
284,Brendel
285,Brennecke
286,Brenner
287,Bretschneider
288,Brettschneider
289,Breu
290,Breuer
291,Breunig
292,Breyer
293,Brill
294,Brink
295,Brinker
296,Brinkmann
297,Brix
298,Brock
299,Brockmann
300,Brockmöller
301,Brosch
302,Brose
303,Bruch
304,Brucker
305,Bruckner
306,Bruder
307,Brugger
308,Bruhn
309,Brummer
310,Brune
311,Brunke
312,Brunner
313,Bruns
314,Brust
315,Bräuer
316,Bräutigam
317,Bröcker
318,Bröker
319,Brück
320,Brückmann
321,Brückner
322,Brüggemann
323,Brühl
324,Brümmer
325,Brüning
326,Buch
327,Bucher
328,Buchholz
329,Buchmann
330,Buchmülle
331,Buchner
332,Buchwald
333,Buck
334,Budde
335,Buhl
336,Buhr
337,Bunge
338,Bunk
339,Burg
340,Burger
341,Burghardt
342,Burk
343,Burkard
344,Burkart
345,Burkert
346,Burkhard
347,Burkhardt
348,Burkhart
349,Burmeister
350,Burmester
351,Busch
352,Busche
353,Buschmann
354,Buse
355,Buss
356,Busse
357,Butz
358,Buß
359,Bußmann
360,Bächle
361,Bäcker
362,Bähr
363,Bär
364,Bätz
365,Bäuerle
366,Bäumer
367,Bäumler
368,Böck
369,Böcker
370,Böckmann
371,Böhler
372,Böhm
373,Böhme
374,Böhmer
375,Böhner
376,Böhnke
377,Böhringer
378,Böker
379,Böning
380,Bönisch
381,Börger
382,Börner
383,Bösch
384,Böse
385,Böttcher
386,Böttger
387,Böttner
388,Büchel
389,Büchler
390,Büchner
391,Bücker
392,Bühler
393,Bühner
394,Bülow
395,Bünger
396,Bürger
397,Bürkle
398,Büscher
399,Büsing
400,Büttner
401,Carl
402,Carlson
403,Carlucci
404,Carstens
405,Carstensen
406,Caspari
407,Casper
408,Casstorff
409,Celik
410,Christ
411,Christian
412,Christiansen
413,Christmann
414,Christoph
415,Claasen
416,Clasen
417,Claus
418,Clausen
419,Clauß
420,Claußen
421,Claßen
422,Clemens
423,Coenen
424,Cohrs
425,Conrad
426,Conradi
427,Cordes
428,Cornelius
429,Cramer
430,Cremer
431,Czech
432,Dahl
433,Dahlke
434,Dahlmann
435,Dahm
436,Dahmen
437,Dahms
438,Dallmann
439,Damm
440,Dammann
441,Daniel
442,Daniels
443,Dannenberg
444,Danner
445,Daub
446,Daum
447,David
448,Debus
449,Decker
450,Deckert
451,Degen
452,Degenhardt
453,Degner
454,Dehn
455,Deininger
456,Deisenroth
457,Dellwo
458,Demir
459,Demmer
460,Demuth
461,Denecke
462,Dengler
463,Denk
464,Denker
465,Deppe
466,Derksen
467,Dettmann
468,Dettmer
469,Deutsch
470,Deutschmann
471,Dewald
472,Dick
473,Dickmann
474,Dieckmann
475,Diederich
476,Diederichs
477,Diedrich
478,Diefenbach
479,Diehl
480,Diekmann
481,Diel
482,Diemer
483,Diener
484,Dierkes
485,Dierks
486,Dietel
487,Dieterich
488,Dieterle
489,Dietl
490,Dietrich
491,Dietz
492,Dietze
493,Dietzel
494,Dill
495,Dillmann
496,Dinkel
497,Dinter
498,Dippel
499,Dirks
500,Distler
501,Dittmann
502,Dittmar
503,Dittmer
504,Dittrich
505,Dobler
506,Dobos
507,Dogan
508,Dohmen
509,Dohrmann
510,Dold
511,Doll
512,Dombrowski
513,Domke
514,Donath
515,Donner
516,Dorn
517,Dorner
518,Dorsch
519,Dose
520,Dost
521,Drechsel
522,Drechsler
523,Drees
524,Dreher
525,Dreier
526,Drescher
527,Dressel
528,Dressler
529,Drewes
530,Drews
531,Drexler
532,Dreyer
533,Dreßler
534,Droste
535,Dräger
536,Dröge
537,Duda
538,Dudek
539,Dunkel
540,Dunker
541,Duwe
542,Dyck
543,Döhler
544,Döhring
545,Döll
546,Dörfler
547,Döring
548,Dörner
549,Dörr
550,Dück
551,Düring
552,Dürr
553,Ebel
554,Ebeling
555,Eberhard
556,Eberhardt
557,Eberl
558,Eberle
559,Eberlein
560,Ebert
561,Ebner
562,Eck
563,Eckardt
564,Eckart
565,Eckel
566,Ecker
567,Eckert
568,Eckhardt
569,Eckhoff
570,Eckl
571,Eckstein
572,Edel
573,Edelmann
574,Eder
575,Edler
576,Effenberger
577,Eger
578,Egger
579,Eggers
580,Eggert
581,Egner
582,Ehlers
583,Ehlert
584,Ehmann
585,Ehrenberg
586,Ehret
587,Ehrhardt
588,Ehrich
589,Ehrlich
590,Ehrlicher
591,Ehrmann
592,Eibl
593,Eich
594,Eichholz
595,Eichhorn
596,Eichinger
597,Eichler
598,Eichmann
599,Eichner
600,Eickhoff
601,Eifler
602,Eilers
603,Eisele
604,Eisenmann
605,Eismann
606,Eisner
607,Eitel
608,Eller
609,Elsner
610,Emde
611,Emmerich
612,Emmert
613,Emrich
614,Ender
615,Enderle
616,Enders
617,Endres
618,Engel
619,Engelbrecht
620,Engelhard
621,Engelhardt
622,Engelke
623,Engelmann
624,Engels
625,Engert
626,Engl
627,Engler
628,Englert
629,Enke
630,Epp
631,Epple
632,Eppler
633,Erb
634,Erbe
635,Erben
636,Erdmann
637,Erhard
638,Erhardt
639,Erler
640,Ernst
641,Ertel
642,Ertl
643,Esch
644,Escher
645,Esser
646,Essig
647,Euler
648,Evers
649,Ewald
650,Ewers
651,Ewert
652,Exner
653,Eßer
654,Faber
655,Fabian
656,Falk
657,Falke
658,Falkenberg
659,Faller
660,Fast
661,Fath
662,Faulhaber
663,Faust
664,Faßbender
665,Fechner
666,Feddersen
667,Fehr
668,Fehrenbach
669,Feige
670,Feil
671,Feiler
672,Feist
673,Felber
674,Feld
675,Feldhaus
676,Feldmann
677,Feldmeier
678,Feller
679,Fellner
680,Fels
681,Fendt
682,Fengler
683,Fenske
684,Fenzl
685,Ferber
686,Ferstl
687,Fett
688,Fetzer
689,Fey
690,Fichtl
691,Fichtner
692,Fick
693,Fiebig
694,Fiedler
695,Figge
696,Findeisen
697,Finger
698,Fink
699,Finkbeiner
700,Finke
701,Fisch
702,Fischbach
703,Fischer
704,Fitz
705,Fix
706,Flach
707,Flaig
708,Fleck
709,Fleckenstein
710,Fleischer
711,Fleischhauer
712,Fleischmann
713,Flemming
714,Flick
715,Flock
716,Flohr
717,Flügel
718,Flügge
719,Focke
720,Forster
721,Forstner
722,Fox
723,Frahm
724,Franck
725,Frank
726,Franke
727,Franken
728,Franz
729,Franzen
730,Franzke
731,Frech
732,Freese
733,Frei
734,Freiberg
735,Freier
736,Freitag
737,Frenz
738,Frenzel
739,Frerichs
740,Frese
741,Freudenberg
742,Freund
743,Frey
744,Freyer
745,Freytag
746,Frick
747,Fricke
748,Friebe
749,Friedel
750,Friedemann
751,Friedl
752,Friedmann
753,Friedrich
754,Friedrichs
755,Fries
756,Friese
757,Friesen
758,Frieß
759,Frings
760,Frisch
761,Fritsch
762,Fritsche
763,Fritz
764,Fritze
765,Fritzsch
766,Fritzsche
767,Fromm
768,Fromme
769,Frost
770,Fröhlich
771,Früh
772,Frühauf
773,Fuchs
774,Fuhr
775,Fuhrmann
776,Funk
777,Funke
778,Fuß
779,Färber
780,Förster
781,Förtsch
782,Führer
783,Fürst
784,Fütterer
785,Gabel
786,Gabler
787,Gabriel
788,Gaida
789,Gaiser
790,Gall
791,Galle
792,Ganser
793,Ganter
794,Ganz
795,Garbe
796,Gassner
797,Gast
798,Gaul
799,Gaus
800,Gaßner
801,Gebauer
802,Gebel
803,Gebert
804,Gebhard
805,Gebhardt
806,Gehlen
807,Gehrig
808,Gehring
809,Gehrke
810,Gehrmann
811,Geib
812,Geier
813,Geiger
814,Geis
815,Geisler
816,Geissler
817,Geist
818,Geiß
819,Geißler
820,Gellert
821,Gentner
822,Genz
823,Georg
824,George
825,Georgi
826,Geppert
827,Gerber
828,Gerdes
829,Gerhard
830,Gerhards
831,Gerhardt
832,Gericke
833,Gerke
834,Gerken
835,Gerlach
836,Gerling
837,Germann
838,Gerner
839,Gerstner
840,Gerth
841,Gertsch
842,Gessner
843,Geyer
844,Geßner
845,Giebel
846,Gies
847,Giese
848,Giesecke
849,Giesen
850,Gilbert
851,Gille
852,Gilles
853,Glas
854,Glaser
855,Glatz
856,Glaß
857,Gleich
858,Gleißner
859,Glock
860,Gläser
861,Glöckner
862,Glück
863,Goebel
864,Goerke
865,Goertz
866,Gohlke
867,Gold
868,Goldbach
869,Goldberg
870,Goldmann
871,Goldschmidt
872,Goll
873,Goller
874,Golz
875,Gottfried
876,Gotthardt
877,Gottschalk
878,Gottschlich
879,Gottschling
880,Gottwald
881,Grabow
882,Grabowski
883,Gradl
884,Graf
885,Grafe
886,Grahl
887,Gramlich
888,Grams
889,Grau
890,Graupner
891,Graß
892,Graßl
893,Greb
894,Grebe
895,Greger
896,Gregor
897,Greif
898,Greiner
899,Grell
900,Grenz
901,Greulich
902,Greve
903,Grewe
904,Griebel
905,Grieger
906,Gries
907,Griese
908,Grill
909,Grimm
910,Grimmer
911,Grobe
912,Groh
913,Grohmann
914,Groll
915,Gronau
916,Grosch
917,Gross
918,Grosse
919,Grosser
920,Grossmann
921,Grote
922,Groth
923,Grothe
924,Groß
925,Große
926,Großer
927,Großkopf
928,Großmann
929,Grube
930,Gruber
931,Gruhn
932,Grund
933,Grundmann
934,Gruner
935,Grunert
936,Grunewald
937,Grunwald
938,Gräber
939,Gräf
940,Gräfe
941,Grätz
942,Gröger
943,Gröne
944,Grün
945,Grünberg
946,Grüner
947,Grünewald
948,Grünwald
949,Grützner
950,Gschnitzer
951,Guhl
952,Gundlach
953,Gunkel
954,Guse
955,Guth
956,Gutjahr
957,Gutmann
958,Gutsche
959,Gutzeit
960,Gäbler
961,Gächter
962,Gärtner
963,Göbel
964,Gödde
965,Gödecke
966,Göhler
967,Göhring
968,Göller
969,Göllner
970,Gölz
971,Göpfert
972,Görg
973,Görgen
974,Göring
975,Görlich
976,Görner
977,Görtz
978,Götte
979,Göttmann
980,Götz
981,Götze
982,Günter
983,Günther
984,Günzel
985,Gürtler
986,Güttler
987,Haack
988,Haag
989,Haak
990,Haake
991,Haarmann
992,Haas
993,Haase
994,Habel
995,Haberkorn
996,Haberl
997,Haberland
998,Habermann
999,Hack
1000,Hackbarth
1001,Hackenberg
1002,Hacker
1003,Hackl
1004,Hackmann
1005,Haferkamp
1006,Hafner
1007,Hagedorn
1008,Hagel
1009,Hagemann
1010,Hagen
1011,Hager
1012,Hahn
1013,Hahne
1014,Haider
1015,Haimerl
1016,Hain
1017,Hake
1018,Haller
1019,Hallmann
1020,Hamacher
1021,Hamann
1022,Hamm
1023,Hammann
1024,Hammel
1025,Hammer
1026,Hammerschmidt
1027,Hammes
1028,Hampe
1029,Hampel
1030,Handke
1031,Hanf
1032,Hanisch
1033,Hanke
1034,Hannemann
1035,Hannig
1036,Hans
1037,Hansel
1038,Hansen
1039,Hansmann
1040,Hantke
1041,Happel
1042,Harder
1043,Hardt
1044,Hareter
1045,Harms
1046,Harnisch
1047,Harrer
1048,Harter
1049,Harth
1050,Hartig
1051,Hartl
1052,Hartmann
1053,Hartung
1054,Hartwich
1055,Hartwig
1056,Hase
1057,Hass
1058,Hasse
1059,Hassel
1060,Hau
1061,Hauber
1062,Haubold
1063,Hauck
1064,Hauer
1065,Haufe
1066,Haug
1067,Hauk
1068,Hauke
1069,Haupt
1070,Hauptmann
1071,Haus
1072,Hauschild
1073,Hauser
1074,Hausmann
1075,Hausner
1076,Haustein
1077,Haußmann
1078,Haß
1079,Heber
1080,Hecht
1081,Heck
1082,Heckel
1083,Hecker
1084,Heckmann
1085,Hedrich
1086,Heer
1087,Heese
1088,Hegemann
1089,Heger
1090,Heid
1091,Heide
1092,Heidemann
1093,Heiden
1094,Heidenreich
1095,Heider
1096,Heidrich
1097,Heidt
1098,Heigl
1099,Heil
1100,Heiland
1101,Heilig
1102,Heilmann
1103,Heim
1104,Heimann
1105,Hein
1106,Heindl
1107,Heine
1108,Heinecke
1109,Heinemann
1110,Heinen
1111,Heinicke
1112,Heinig
1113,Heinisch
1114,Heinke
1115,Heinlein
1116,Heinrich
1117,Heinrichs
1118,Heins
1119,Heintz
1120,Heinz
1121,Heinze
1122,Heinzel
1123,Heinzelmann
1124,Heinzmann
1125,Heise
1126,Heiser
1127,Heisig
1128,Heitmann
1129,Heitz
1130,Heizmann
1131,Heiß
1132,Helbig
1133,Helbing
1134,Held
1135,Heldt
1136,Helfrich
1137,Hell
1138,Heller
1139,Hellmann
1140,Hellmich
1141,Hellmuth
1142,Hellwig
1143,Helm
1144,Helmer
1145,Helmke
1146,Helms
1147,Hemmer
1148,Hempel
1149,Hendricks
1150,Hengst
1151,Henke
1152,Henkel
1153,Henn
1154,Henne
1155,Hennecke
1156,Hennemann
1157,Hennig
1158,Henning
1159,Henninger
1160,Hennings
1161,Henrich
1162,Henrichs
1163,Henschel
1164,Hense
1165,Hensel
1166,Henseler
1167,Hentschel
1168,Henze
1169,Hepp
1170,Heppner
1171,Herb
1172,Herber
1173,Herbert
1174,Herbst
1175,Herdt
1176,Herget
1177,Hering
1178,Herle
1179,Hermann
1180,Hermanns
1181,Hermes
1182,Herold
1183,Herr
1184,Herrmann
1185,Hertel
1186,Herter
1187,Hertlein
1188,Hertwig
1189,Herwig
1190,Herz
1191,Herzberg
1192,Herzig
1193,Herzog
1194,Hess
1195,Hesse
1196,Hessel
1197,Hettich
1198,Hetzel
1199,Heuer
1200,Heumann
1201,Heuser
1202,Hey
1203,Heyer
1204,Heymann
1205,Heyn
1206,Heyne
1207,Heß
1208,Heßler
1209,Hieber
1210,Hielscher
1211,Hierl
1212,Hilbert
1213,Hilbig
1214,Hild
1215,Hildebrand
1216,Hildebrandt
1217,Hildenbrand
1218,Hilger
1219,Hilgers
1220,Hill
1221,Hille
1222,Hillebrand
1223,Hillenbrand
1224,Hiller
1225,Hillmann
1226,Hilmer
1227,Hilpert
1228,Himmel
1229,Hinkel
1230,Hinrichs
1231,Hinrichsen
1232,Hintz
1233,Hintze
1234,Hinz
1235,Hinze
1236,Hinzmann
1237,Hipp
1238,Hirsch
1239,Hirschfeld
1240,Hirschmann
1241,Hirt
1242,Hirth
1243,Hoch
1244,Hochmuth
1245,Hock
1246,Hof
1247,Hofbauer
1248,Hofer
1249,Hoff
1250,Hoffmann
1251,Hoffmeister
1252,Hofmann
1253,Hofmeister
1254,Hofstetter
1255,Hohl
1256,Hohmann
1257,Hohn
1258,Holicek
1259,Holl
1260,Holland
1261,Holler
1262,Hollmann
1263,Hollocher
1264,Hollstein
1265,Holm
1266,Holst
1267,Holstein
1268,Holtkamp
1269,Holtmann
1270,Holtz
1271,Holz
1272,Holzapfel
1273,Holzer
1274,Holzinger
1275,Holzmann
1276,Holzner
1277,Holzwarth
1278,Homann
1279,Hommel
1280,Hopf
1281,Hopp
1282,Hoppe
1283,Horn
1284,Hornig
1285,Hornung
1286,Horst
1287,Horstmann
1288,Horvath
1289,Hotz
1290,Howald
1291,Hoyer
1292,Huber
1293,Hubert
1294,Huck
1295,Hufnagel
1296,Hug
1297,Huhn
1298,Hummel
1299,Hund
1300,Hundertmark
1301,Hundt
1302,Hunger
1303,Huppertz
1304,Husemann
1305,Husmann
1306,Huth
1307,Hutter
1308,Häberle
1309,Häcker
1310,Häfele
1311,Häfner
1312,Hägele
1313,Hähnel
1314,Hänel
1315,Hänsch
1316,Hänsel
1317,Häring
1318,Härtel
1319,Härtl
1320,Häuser
1321,Häusler
1322,Häußler
1323,Höfer
1324,Höfler
1325,Höfling
1326,Höft
1327,Höger
1328,Höhn
1329,Höhne
1330,Höll
1331,Höller
1332,Hölscher
1333,Hölzel
1334,Hölzer
1335,Hölzl
1336,Hönig
1337,Höpfner
1338,Höppner
1339,Hörl
1340,Hörmann
1341,Hörner
1342,Hübner
1343,Hübsch
1344,Hügel
1345,Hüls
1346,Hülsmann
1347,Hümmer
1348,Hüther
1349,Hütter
1350,Hüttner
1351,Ihle
1352,Ilg
1353,Imhof
1354,Irmer
1355,Irrgang
1356,Israel
1357,Jablonski
1358,Jacob
1359,Jacobi
1360,Jacobs
1361,Jacobsen
1362,Jaeger
1363,Jahn
1364,Jahnke
1365,Jahns
1366,Jakob
1367,Jakobi
1368,Jakobs
1369,Janik
1370,Janke
1371,Jankowski
1372,Jansen
1373,Janson
1374,Janssen
1375,Janz
1376,Janzen
1377,Janßen
1378,Jasper
1379,Jauch
1380,Jehle
1381,Jensen
1382,Jentsch
1383,Jentzsch
1384,Jeschke
1385,Jeske
1386,Jesse
1387,Jessen
1388,Joachim
1389,Jobst
1390,Jochum
1391,Johann
1392,Johannes
1393,Johannsen
1394,Johannson
1395,John
1396,Jonas
1397,Joos
1398,Jordan
1399,Joseph
1400,Jost
1401,Jung
1402,Jungbluth
1403,Junge
1404,Junghans
1405,Jungmann
1406,Junk
1407,Junker
1408,Just
1409,Jäckel
1410,Jäger
1411,Jäkel
1412,Jänicke
1413,Jäschke
1414,Jörg
1415,Jünemann
1416,Jünger
1417,Jüngling
1418,Jürgens
1419,Jürgensen
1420,Jüttner
1421,Kaczmarek
1422,Kaden
1423,Kahl
1424,Kahle
1425,Kahlert
1426,Kaiser
1427,Kalb
1428,Kalinowski
1429,Kalisch
1430,Kallenbach
1431,Kaltenbach
1432,Kaluza
1433,Kaminski
1434,Kamm
1435,Kammer
1436,Kammerer
1437,Kamp
1438,Kampe
1439,Kampmann
1440,Kamps
1441,Kania
1442,Kant
1443,Kanzler
1444,Kapp
1445,Kappel
1446,Kappes
1447,Kappl
1448,Kappler
1449,Kaps
1450,Karcher
1451,Karg
1452,Karger
1453,Karl
1454,Karle
1455,Karsten
1456,Kaspar
1457,Kasper
1458,Kast
1459,Kasten
1460,Kastl
1461,Kastner
1462,Kasulke
1463,Katz
1464,Katzer
1465,Kauer
1466,Kaufhold
1467,Kaufmann
1468,Kaul
1469,Kautz
1470,Kaya
1471,Kayser
1472,Keck
1473,Kegel
1474,Kehl
1475,Kehr
1476,Kehrer
1477,Keil
1478,Keim
1479,Keitel
1480,Keller
1481,Kellermann
1482,Kellner
1483,Kelm
1484,Kemmer
1485,Kempe
1486,Kemper
1487,Kempf
1488,Keppler
1489,Kerber
1490,Kerkhoff
1491,Kern
1492,Kerner
1493,Kerscher
1494,Kersten
1495,Kersting
1496,Kessel
1497,Kessler
1498,Ketterer
1499,Kettler
1500,Kettner
1501,Keßler
1502,Kick
1503,Kiefer
1504,Kiel
1505,Kienle
1506,Kienzle
1507,Kiesel
1508,Kiesewetter
1509,Kießling
1510,Kilian
1511,Kilic
1512,Kimmel
1513,Kind
1514,Kinder
1515,Kindermann
1516,Kindler
1517,Kinzel
1518,Kipp
1519,Kirch
1520,Kircher
1521,Kirchhof
1522,Kirchhoff
1523,Kirchner
1524,Kirsch
1525,Kirschbaum
1526,Kirschner
1527,Kirst
1528,Kirstein
1529,Kirsten
1530,Kissel
1531,Kistner
1532,Kittel
1533,Klaas
1534,Klages
1535,Klaiber
1536,Klapper
1537,Klar
1538,Klasen
1539,Klassen
1540,Klatt
1541,Klaus
1542,Kleber
1543,Klee
1544,Kleemann
1545,Klein
1546,Kleine
1547,Kleiner
1548,Kleinert
1549,Kleinhans
1550,Kleinschmidt
1551,Klement
1552,Klemm
1553,Klenk
1554,Klett
1555,Kley
1556,Kliem
1557,Klier
1558,Kling
1559,Klingbeil
1560,Klinge
1561,Klingenberg
1562,Klinger
1563,Klingler
1564,Klink
1565,Klinke
1566,Klinkhammer
1567,Klocke
1568,Kloos
1569,Klos
1570,Klose
1571,Kloss
1572,Klostermann
1573,Kloth
1574,Klotz
1575,Kloß
1576,Klug
1577,Kluge
1578,Klumpp
1579,Kluth
1580,Klöckner
1581,Knab
1582,Knabe
1583,Knapp
1584,Knappe
1585,Knauer
1586,Knauf
1587,Knaus
1588,Knebel
1589,Knecht
1590,Knittel
1591,Knoblauch
1592,Knobloch
1593,Knoch
1594,Knoche
1595,Knoll
1596,Knoop
1597,Knop
1598,Knopf
1599,Knopp
1600,Knorr
1601,Knoth
1602,Knott
1603,Knuth
1604,Knödler
1605,Knüppel
1606,Kober
1607,Koch
1608,Kock
1609,Koenen
1610,Kohl
1611,Kohler
1612,Kohlmann
1613,Kohn
1614,Kohnen
1615,Kolb
1616,Kolbe
1617,Kolbeck
1618,Kolberg
1619,Koll
1620,Koller
1621,Kollmann
1622,Kolodziej
1623,Konrad
1624,Koop
1625,Koopmann
1626,Kopf
1627,Kopp
1628,Koppe
1629,Kopper
1630,Korb
1631,Korn
1632,Korte
1633,Korth
1634,Kortmann
1635,Koslowski
1636,Kost
1637,Kothe
1638,Kowalewski
1639,Kowalski
1640,Kracht
1641,Kraemer
1642,Krafft
1643,Kraft
1644,Krah
1645,Krahl
1646,Krahn
1647,Kramer
1648,Krammer
1649,Kramp
1650,Krampe
1651,Kranz
1652,Krapf
1653,Krapp
1654,Kratz
1655,Kratzer
1656,Kraus
1657,Krause
1658,Krauss
1659,Krauß
1660,Krauße
1661,Krawczyk
1662,Krebs
1663,Kreft
1664,Kreis
1665,Krell
1666,Kremer
1667,Kremser
1668,Krenz
1669,Kress
1670,Kretschmann
1671,Kretschmer
1672,Kretz
1673,Kretzer
1674,Kretzschmar
1675,Kreutz
1676,Kreutzer
1677,Kreuz
1678,Kreuzer
1679,Krey
1680,Kreß
1681,Krieg
1682,Kriegel
1683,Krieger
1684,Krings
1685,Krohn
1686,Kroll
1687,Kromer
1688,Krone
1689,Kropf
1690,Kropp
1691,Krug
1692,Krull
1693,Krumm
1694,Krupp
1695,Kruppa
1696,Kruse
1697,Krusenstern
1698,Krämer
1699,Kröber
1700,Kröger
1701,Kröll
1702,Kröner
1703,Krüger
1704,Kube
1705,Kuch
1706,Kuck
1707,Kugel
1708,Kugler
1709,Kuhl
1710,Kuhlmann
1711,Kuhn
1712,Kuhnert
1713,Kuhnt
1714,Kuhr
1715,Kullmann
1716,Kummer
1717,Kunath
1718,Kunde
1719,Kunert
1720,Kunkel
1721,Kunst
1722,Kuntz
1723,Kuntze
1724,Kunz
1725,Kunze
1726,Kunzmann
1727,Kupfer
1728,Kupka
1729,Kurth
1730,Kurtz
1731,Kurz
1732,Kusch
1733,Kuschel
1734,Kutscher
1735,Kutz
1736,Kutzner
1737,Käfer
1738,Kähler
1739,Kämmerer
1740,Kämpf
1741,Käser
1742,Kästner
1743,Köcher
1744,Kögel
1745,Kögler
1746,Köhl
1747,Köhler
1748,Köhn
1749,Köhne
1750,Kölbl
1751,Köller
1752,Kölling
1753,Köllner
1754,Kölsch
1755,König
1756,Königs
1757,Köpke
1758,Köppe
1759,Köppel
1760,Köppen
1761,Köppl
1762,Körber
1763,Körner
1764,Köster
1765,Kösters
1766,Köstler
1767,Kötter
1768,Kübler
1769,Küchler
1770,Kück
1771,Kügler
1772,Kühl
1773,Kühn
1774,Kühne
1775,Kühnel
1776,Kühner
1777,Kühnert
1778,Kühnle
1779,Kümmel
1780,Künzel
1781,Küper
1782,Küpper
1783,Küppers
1784,Kürschner
1785,Küster
1786,Küsters
1787,Lachmann
1788,Lackner
1789,Ladwig
1790,Lambert
1791,Lambertz
1792,Lambrecht
1793,Lamm
1794,Lammers
1795,Lampe
1796,Lampert
1797,Lamprecht
1798,Landgraf
1799,Landmann
1800,Landwehr
1801,Lang
1802,Langbein
1803,Lange
1804,Langen
1805,Langenbach
1806,Langer
1807,Langguth
1808,Langhammer
1809,Langhans
1810,Langner
1811,Lannert
1812,Lanz
1813,Larenzi
1814,Larsen
1815,Laskowski
1816,Lau
1817,Laub
1818,Laube
1819,Lauber
1820,Laue
1821,Lauer
1822,Laufer
1823,Laumann
1824,Lautenschläger
1825,Lauterbach
1826,Laux
1827,Lay
1828,Leber
1829,Lechner
1830,Leder
1831,Lederer
1832,Lehmann
1833,Lehmkuhl
1834,Lehnen
1835,Lehner
1836,Lehnert
1837,Lehr
1838,Leibold
1839,Leicht
1840,Leinweber
1841,Leipold
1842,Leis
1843,Leistner
1844,Leitmayr
1845,Leitner
1846,Lembke
1847,Lemke
1848,Lemm
1849,Lemmer
1850,Lenk
1851,Lennartz
1852,Lentz
1853,Lenz
1854,Lenzen
1855,Leonhard
1856,Leonhardt
1857,Leopold
1858,Lerch
1859,Lesch
1860,Less
1861,Leupold
1862,Leuschner
1863,Lewandowski
1864,Lex
1865,Ley
1866,Licht
1867,Lichtenberg
1868,Lieb
1869,Liebe
1870,Liebert
1871,Liebich
1872,Liebig
1873,Liebl
1874,Liebmann
1875,Liebscher
1876,Lieder
1877,Liedtke
1878,Liese
1879,Lieske
1880,Lietz
1881,Lieven
1882,Limbach
1883,Limmer
1884,Lind
1885,Linde
1886,Lindemann
1887,Linden
1888,Lindenau
1889,Lindenberg
1890,Linder
1891,Lindholm
1892,Lindner
1893,Link
1894,Linke
1895,Linn
1896,Linnemann
1897,Linz
1898,Lipinski
1899,Lipp
1900,Lippert
1901,Lippmann
1902,Lippold
1903,List
1904,Loch
1905,Locher
1906,Lochner
1907,Lohmann
1908,Lohr
1909,Lohse
1910,Loibl
1911,Loos
1912,Loose
1913,Lorenz
1914,Lorenzen
1915,Loth
1916,Lotz
1917,Lucas
1918,Lucht
1919,Luck
1920,Ludewig
1921,Ludwig
1922,Luft
1923,Lukas
1924,Luther
1925,Lutter
1926,Lutz
1927,Lux
1928,Löffler
1929,Löhr
1930,Lösch
1931,Löser
1932,Löw
1933,Löwe
1934,Löwen
1935,Lübben
1936,Lübke
1937,Lück
1938,Lücke
1939,Lüdecke
1940,Lüdemann
1941,Lüders
1942,Lüdtke
1943,Lühr
1944,Lührs
1945,Lüke
1946,Lürsen
1947,Lüth
1948,Lüttgenjohann
1949,Maack
1950,Maas
1951,Maaß
1952,Maaßen
1953,Mack
1954,Mader
1955,Mager
1956,Mahler
1957,Mahn
1958,Mahnke
1959,Mahr
1960,Mai
1961,Maier
1962,Mainka
1963,Mair
1964,Maisch
1965,Maiwald
1966,Majewski
1967,Mandel
1968,Mang
1969,Mangold
1970,Manke
1971,Mann
1972,Manske
1973,Manthey
1974,Manz
1975,Marek
1976,Mark
1977,Markert
1978,Markgraf
1979,Markmann
1980,Markowitz
1981,Marks
1982,Markus
1983,Marquardt
1984,Marschall
1985,Marschner
1986,Marten
1987,Martens
1988,Martin
1989,Martini
1990,Marx
1991,Maschke
1992,Mast
1993,Matern
1994,Matheis
1995,Mathes
1996,Matt
1997,Mattern
1998,Mattes
1999,Matthes
2000,Matthias
2001,Matthies
2002,Matthiesen
2003,Mattner
2004,Matz
2005,Matzke
2006,Mau
2007,Mauch
2008,Maucher
2009,Mauer
2010,Maul
2011,Maurer
2012,Maus
2013,May
2014,Mayer
2015,Mayerhofer
2016,Mayr
2017,Meder
2018,Mehl
2019,Mehler
2020,Mehlhorn
2021,Mehner
2022,Mehnert
2023,Meier
2024,Meindl
2025,Meinecke
2026,Meinel
2027,Meiners
2028,Meinert
2029,Meinhardt
2030,Meinke
2031,Meise
2032,Meisel
2033,Meiser
2034,Meissner
2035,Meister
2036,Meixner
2037,Meißner
2038,Melcher
2039,Melchior
2040,Melzer
2041,Mende
2042,Menge
2043,Mengel
2044,Menges
2045,Menke
2046,Menne
2047,Menz
2048,Menzel
2049,Menzinger
2050,Merk
2051,Merkel
2052,Merker
2053,Merkl
2054,Merkle
2055,Merten
2056,Mertens
2057,Mertes
2058,Merz
2059,Messer
2060,Messerschmidt
2061,Messner
2062,Mester
2063,Metz
2064,Metzger
2065,Metzler
2066,Metzner
2067,Meurer
2068,Meusel
2069,Meuser
2070,Mewes
2071,Mey
2072,Meyer
2073,Mezger
2074,Michael
2075,Michaelis
2076,Michalski
2077,Michel
2078,Michels
2079,Michl
2080,Michler
2081,Middendorf
2082,Mielke
2083,Mies
2084,Milde
2085,Mildner
2086,Miller
2087,Milz
2088,Mischke
2089,Mitschke
2090,Mittag
2091,Mittelstädt
2092,Mittermeier
2093,Mittmann
2094,Mock
2095,Mohr
2096,Moldenhauer
2097,Molitor
2098,Moll
2099,Montag
2100,Moog
2101,Moor
2102,Moos
2103,Moosmann
2104,Morgenroth
2105,Morgenstern
2106,Moritz
2107,Mosch
2108,Moser
2109,Motz
2110,Mucha
2111,Mueller
2112,Mund
2113,Mundt
2114,Munz
2115,Murot
2116,Muth
2117,Mutschler
2118,Mäder
2119,März
2120,Möbius
2121,Möbus
2122,Möckel
2123,Möhle
2124,Möhring
2125,Möller
2126,Möllers
2127,Möllmann
2128,Mönch
2129,Möser
2130,Mück
2131,Mücke
2132,Mühl
2133,Mühlbauer
2134,Mühlberger
2135,Mühle
2136,Müller
2137,Münch
2138,Münster
2139,Münz
2140,Nachtigall
2141,Nadler
2142,Nagel
2143,Nagler
2144,Nagy
2145,Nau
2146,Naujoks
2147,Naumann
2148,Naß
2149,Nebel
2150,Neef
2151,Neff
2152,Neher
2153,Nehls
2154,Nehring
2155,Neitzel
2156,Nelles
2157,Nestler
2158,Neu
2159,Neubauer
2160,Neuber
2161,Neuberger
2162,Neubert
2163,Neufeld
2164,Neugebauer
2165,Neuhaus
2166,Neumaier
2167,Neumann
2168,Neumeier
2169,Neumeister
2170,Neumüller
2171,Neuner
2172,Ney
2173,Nickel
2174,Nickl
2175,Nicolai
2176,Niebuhr
2177,Niedermeier
2178,Niehaus
2179,Niehoff
2180,Niehues
2181,Nielsen
2182,Niemann
2183,Niemeier
2184,Niemeyer
2185,Nienhaus
2186,Niermann
2187,Nies
2188,Nießen
2189,Niggemann
2190,Niklas
2191,Nikolaus
2192,Nissen
2193,Nitsch
2194,Nitsche
2195,Nitschke
2196,Nitz
2197,Nitzsche
2198,Nix
2199,Noack
2200,Noe
2201,Nolden
2202,Noll
2203,Nolte
2204,Nolting
2205,Nordmann
2206,Norge
2207,Novak
2208,Nowack
2209,Nowak
2210,Nussbaumer
2211,Nußbaum
2212,Nägele
2213,Nürnberger
2214,Ober
2215,Oberle
2216,Oberländer
2217,Obermaier
2218,Obermeier
2219,Obst
2220,Ochs
2221,Odenthal
2222,Oehler
2223,Oehme
2224,Oertel
2225,Oestreich
2226,Offermann
2227,Ohl
2228,Ohm
2229,Olbrich
2230,Oldenburg
2231,Olschewski
2232,Oltmanns
2233,Opitz
2234,Oppermann
2235,Orlowski
2236,Orth
2237,Ortmann
2238,Ortner
2239,Ostendorf
2240,Oster
2241,Osterloh
2242,Ostermann
2243,Ostermeier
2244,Ostertag
2245,Oswald
2246,Ott
2247,Otte
2248,Otten
2249,Otto
2250,Oßwald
2251,Pabst
2252,Pagel
2253,Pahl
2254,Pahlke
2255,Palm
2256,Palu
2257,Panzer
2258,Pape
2259,Papke
2260,Paschke
2261,Passini
2262,Patzelt
2263,Patzer
2264,Paul
2265,Pauli
2266,Pauls
2267,Paulsen
2268,Paulus
2269,Pauly
2270,Pausch
2271,Pawlik
2272,Pawlowski
2273,Pech
2274,Pecher
2275,Peetz
2276,Peitz
2277,Pelz
2278,Pelzer
2279,Penner
2280,Perlmann
2281,Pesch
2282,Peschel
2283,Peschke
2284,Peter
2285,Petermann
2286,Peters
2287,Petersen
2288,Petri
2289,Petry
2290,Petzold
2291,Peukert
2292,Pfaff
2293,Pfau
2294,Pfeffer
2295,Pfeifer
2296,Pfeiffer
2297,Pfeil
2298,Pfennig
2299,Pfeuffer
2300,Pfister
2301,Pfisterer
2302,Pfitzner
2303,Pflaum
2304,Pflug
2305,Pflüger
2306,Philipp
2307,Philippi
2308,Philipps
2309,Pichler
2310,Pick
2311,Pickel
2312,Piel
2313,Pieper
2314,Pietsch
2315,Pietschmann
2316,Pietzsch
2317,Piller
2318,Pilz
2319,Pingel
2320,Piontek
2321,Piotrowski
2322,Piper
2323,Pitz
2324,Plank
2325,Plate
2326,Plath
2327,Platz
2328,Plum
2329,Plöger
2330,Plötz
2331,Pohl
2332,Pohle
2333,Pohlmann
2334,Pollak
2335,Pollmann
2336,Polster
2337,Polzin
2338,Pongratz
2339,Popp
2340,Poppe
2341,Poser
2342,Posselt
2343,Post
2344,Poth
2345,Pott
2346,Potthoff
2347,Prager
2348,Prange
2349,Prause
2350,Preis
2351,Preiß
2352,Prell
2353,Preuss
2354,Preuß
2355,Priebe
2356,Pries
2357,Prill
2358,Prinz
2359,Probst
2360,Prüfer
2361,Puls
2362,Pusch
2363,Puschmann
2364,Putz
2365,Pätzold
2366,Pöhlmann
2367,Pöschl
2368,Pötzsch
2369,Püschel
2370,Pütz
2371,Quade
2372,Quandt
2373,Quast
2374,Raab
2375,Raabe
2376,Raasch
2377,Rabe
2378,Raddatz
2379,Rademacher
2380,Radermacher
2381,Radke
2382,Radloff
2383,Radtke
2384,Rahm
2385,Rahn
2386,Raith
2387,Ramm
2388,Ranft
2389,Rank
2390,Rapp
2391,Rasch
2392,Rasche
2393,Raschke
2394,Rath
2395,Rathmann
2396,Rau
2397,Rauch
2398,Rauer
2399,Rauh
2400,Raupach
2401,Rausch
2402,Rauscher
2403,Rautenberg
2404,Reber
2405,Rebmann
2406,Rech
2407,Reck
2408,Recktenwald
2409,Reder
2410,Redlich
2411,Reese
2412,Reetz
2413,Reger
2414,Reh
2415,Rehbein
2416,Rehberg
2417,Rehm
2418,Reich
2419,Reichardt
2420,Reichart
2421,Reichau
2422,Reiche
2423,Reichel
2424,Reichelt
2425,Reichenbach
2426,Reichert
2427,Reichl
2428,Reichle
2429,Reichmann
2430,Reif
2431,Reiff
2432,Reil
2433,Reim
2434,Reimann
2435,Reimer
2436,Reimers
2437,Rein
2438,Reinartz
2439,Reindl
2440,Reinecke
2441,Reineke
2442,Reiner
2443,Reiners
2444,Reinert
2445,Reinhard
2446,Reinhardt
2447,Reinhart
2448,Reinhold
2449,Reinicke
2450,Reinke
2451,Reinsch
2452,Reis
2453,Reisch
2454,Reischl
2455,Reiser
2456,Reisinger
2457,Reiss
2458,Reiter
2459,Reith
2460,Reitz
2461,Reiß
2462,Rempel
2463,Renken
2464,Renner
2465,Rentsch
2466,Renz
2467,Repp
2468,Resch
2469,Reschke
2470,Rettig
2471,Retzlaff
2472,Reusch
2473,Reuter
2474,Reuther
2475,Reutter
2476,Reuß
2477,Rhein
2478,Richert
2479,Richter
2480,Rick
2481,Rickert
2482,Ridder
2483,Rieck
2484,Ried
2485,Riedel
2486,Rieder
2487,Riedl
2488,Riedmüller
2489,Riegel
2490,Rieger
2491,Riehl
2492,Rieke
2493,Riemann
2494,Riemer
2495,Ries
2496,Riese
2497,Rieß
2498,Ring
2499,Ringel
2500,Rink
2501,Rinke
2502,Risch
2503,Risse
2504,Rist
2505,Ritschel
2506,Ritter
2507,Ritz
2508,Roch
2509,Rode
2510,Roder
2511,Roeder
2512,Rogge
2513,Rohde
2514,Rohe
2515,Rohleder
2516,Rohloff
2517,Rohmann
2518,Rohr
2519,Rohrbach
2520,Rohrer
2521,Roiter
2522,Rolf
2523,Rolfs
2524,Roll
2525,Rolle
2526,Roller
2527,Roloff
2528,Rombach
2529,Rommel
2530,Roos
2531,Roscher
2532,Rose
2533,Rosemann
2534,Rosenbaum
2535,Rosenberg
2536,Rosenberger
2537,Rosendahl
2538,Rosenkranz
2539,Rosenthal
2540,Rosin
2541,Rosner
2542,Ross
2543,Rost
2544,Roth
2545,Rothe
2546,Rother
2547,Rott
2548,Rotter
2549,Rottmann
2550,Roß
2551,Roßbach
2552,Roßmann
2553,Ruck
2554,Rudloff
2555,Rudolf
2556,Rudolph
2557,Ruf
2558,Ruff
2559,Ruge
2560,Ruhl
2561,Ruhland
2562,Rummel
2563,Rump
2564,Rumpf
2565,Runge
2566,Runkel
2567,Ruoff
2568,Rupp
2569,Ruppel
2570,Ruppert
2571,Rupprecht
2572,Rusch
2573,Russ
2574,Rust
2575,Ruth
2576,Rutz
2577,Ruß
2578,Rödel
2579,Röder
2580,Rödiger
2581,Röhl
2582,Röhm
2583,Röhr
2584,Röhrig
2585,Röhrs
2586,Röll
2587,Römer
2588,Rösch
2589,Röser
2590,Rösler
2591,Rösner
2592,Rössler
2593,Röttger
2594,Rößler
2595,Rößner
2596,Rücker
2597,Rückert
2598,Rüdiger
2599,Rüger
2600,Rühl
2601,Rühle
2602,Rüter
2603,Rüther
2604,Rütten
2605,Saalfeld
2606,Saathoff
2607,Sacher
2608,Sachs
2609,Sachse
2610,Sack
2611,Sadowski
2612,Sager
2613,Sahin
2614,Sahm
2615,Sailer
2616,Salewski
2617,Saller
2618,Salomon
2619,Salzmann
2620,Sand
2621,Sander
2622,Sanders
2623,Sandhoff
2624,Sandmann
2625,Sandner
2626,Sasse
2627,Sattler
2628,Sauer
2629,Sauermann
2630,Saur
2631,Sauter
2632,Sautter
2633,Saß
2634,Schaaf
2635,Schaal
2636,Schaar
2637,Schaarschmidt
2638,Schacht
2639,Schad
2640,Schade
2641,Schaefer
2642,Schaffer
2643,Schaffner
2644,Schaffrath
2645,Schaible
2646,Schalk
2647,Schall
2648,Schaller
2649,Schanz
2650,Schaper
2651,Schardt
2652,Scharf
2653,Schatz
2654,Schaub
2655,Schauer
2656,Scheck
2657,Scheel
2658,Scheele
2659,Scheer
2660,Scheerer
2661,Scheffel
2662,Scheffer
2663,Scheffler
2664,Scheibe
2665,Scheibel
2666,Scheid
2667,Scheidt
2668,Scheler
2669,Schell
2670,Schellenberg
2671,Scheller
2672,Schenk
2673,Schenke
2674,Schenkel
2675,Schepers
2676,Scherer
2677,Scherf
2678,Scherrer
2679,Scheu
2680,Scheuer
2681,Scheuermann
2682,Scheurer
2683,Schewe
2684,Schick
2685,Schickl
2686,Schiebel
2687,Schiefer
2688,Schiele
2689,Schiemann
2690,Schier
2691,Schießl
2692,Schiffer
2693,Schiffmann
2694,Schild
2695,Schill
2696,Schiller
2697,Schilling
2698,Schillinger
2699,Schimanski
2700,Schimmel
2701,Schimmelpfennig
2702,Schimpf
2703,Schindler
2704,Schink
2705,Schipper
2706,Schirmer
2707,Schlack
2708,Schlag
2709,Schlecht
2710,Schlegel
2711,Schleich
2712,Schleicher
2713,Schlemmer
2714,Schlenker
2715,Schlesinger
2716,Schley
2717,Schlicht
2718,Schlichting
2719,Schlick
2720,Schlosser
2721,Schlömer
2722,Schlösser
2723,Schlüter
2724,Schmalz
2725,Schmelz
2726,Schmelzer
2727,Schmid
2728,Schmidbauer
2729,Schmidl
2730,Schmidt
2731,Schmidtke
2732,Schmied
2733,Schmiedel
2734,Schmieder
2735,Schmitt
2736,Schmitz
2737,Schmoll
2738,Schmuck
2739,Schnabel
2740,Schneck
2741,Schneider
2742,Schneiders
2743,Schneidewind
2744,Schnell
2745,Schnelle
2746,Schneller
2747,Schnieders
2748,Schnitzer
2749,Schnitzler
2750,Schnoor
2751,Schnur
2752,Schnurr
2753,Schober
2754,Schoch
2755,Schock
2756,Scholl
2757,Scholten
2758,Scholz
2759,Scholze
2760,Schopf
2761,Schorn
2762,Schorr
2763,Schott
2764,Schrade
2765,Schrader
2766,Schrage
2767,Schramm
2768,Schreck
2769,Schreiber
2770,Schreier
2771,Schreiner
2772,Schreiter
2773,Schreitle
2774,Schreyer
2775,Schroeder
2776,Schroer
2777,Schroll
2778,Schroth
2779,Schröder
2780,Schröer
2781,Schröter
2782,Schubert
2783,Schuch
2784,Schuchardt
2785,Schuck
2786,Schug
2787,Schuh
2788,Schuhmacher
2789,Schuhmann
2790,Schuldt
2791,Schuler
2792,Schuller
2793,Schult
2794,Schulte
2795,Schulten
2796,Schultes
2797,Schultheis
2798,Schultheiß
2799,Schultz
2800,Schultze
2801,Schulz
2802,Schulze
2803,Schumacher
2804,Schumann
2805,Schunk
2806,Schupp
2807,Schurig
2808,Schurr
2809,Schuster
2810,Schwab
2811,Schwabe
2812,Schwager
2813,Schwaiger
2814,Schwalbe
2815,Schwalm
2816,Schwan
2817,Schwandt
2818,Schwanke
2819,Schwartz
2820,Schwarz
2821,Schwarze
2822,Schwarzer
2823,Schwarzkopf
2824,Schweiger
2825,Schweigert
2826,Schweikert
2827,Schweitzer
2828,Schweizer
2829,Schwenk
2830,Schwenke
2831,Schwerdtfeger
2832,Schwind
2833,Schwinn
2834,Schädlich
2835,Schäfer
2836,Schäfermann
2837,Schäfers
2838,Schäffer
2839,Schäffler
2840,Schätzle
2841,Schöbel
2842,Schöler
2843,Schöll
2844,Schön
2845,Schönberg
2846,Schönberger
2847,Schönborn
2848,Schöne
2849,Schönemann
2850,Schöner
2851,Schönfeld
2852,Schönfelder
2853,Schönherr
2854,Schöning
2855,Schöpf
2856,Schöttler
2857,Schötz
2858,Schüle
2859,Schüler
2860,Schülke
2861,Schüller
2862,Schümann
2863,Schünemann
2864,Schürer
2865,Schürmann
2866,Schüssler
2867,Schütt
2868,Schütte
2869,Schüttler
2870,Schütz
2871,Schütze
2872,Schüßler
2873,Sebastian
2874,Sedlmeier
2875,Seeger
2876,Seel
2877,Seelig
2878,Seeliger
2879,Seemann
2880,Seewald
2881,Seger
2882,Seibel
2883,Seibert
2884,Seibold
2885,Seibt
2886,Seidel
2887,Seidl
2888,Seidler
2889,Seifert
2890,Seiffert
2891,Seifried
2892,Seiler
2893,Seitz
2894,Seliger
2895,Sell
2896,Selle
2897,Selzer
2898,Semmler
2899,Senf
2900,Senft
2901,Senger
2902,Seubert
2903,Seufert
2904,Severin
2905,Seyfarth
2906,Sieben
2907,Sieber
2908,Siebert
2909,Siefert
2910,Sieg
2911,Siegel
2912,Sieger
2913,Siegert
2914,Siegl
2915,Siegmund
2916,Siekmann
2917,Siemens
2918,Siemer
2919,Siemers
2920,Siepmann
2921,Sievers
2922,Sievert
2923,Siewert
2924,Sigl
2925,Sikora
2926,Simon
2927,Simons
2928,Singer
2929,Singh
2930,Sinn
2931,Sippel
2932,Smith
2933,Sobotta
2934,Sohn
2935,Sommer
2936,Sommerfeld
2937,Sondermann
2938,Sonnenberg
2939,Sonntag
2940,Sorg
2941,Sorge
2942,Sowa
2943,Spahn
2944,Spangenberg
2945,Specht
2946,Speck
2947,Speer
2948,Speicher
2949,Speidel
2950,Spengler
2951,Sperber
2952,Sperl
2953,Sperlich
2954,Sperling
2955,Spiegel
2956,Spieker
2957,Spiekermann
2958,Spielmann
2959,Spies
2960,Spieß
2961,Spiller
2962,Spindler
2963,Spitz
2964,Spitzer
2965,Sprenger
2966,Springer
2967,Späth
2968,Spörl
2969,Staab
2970,Stach
2971,Stadler
2972,Stahl
2973,Staiger
2974,Stamm
2975,Stang
2976,Stange
2977,Stangl
2978,Stapf
2979,Stark
2980,Starke
2981,Staub
2982,Stauch
2983,Staudinger
2984,Staudt
2985,Stecher
2986,Steck
2987,Stedefreund
2988,Stefan
2989,Steffan
2990,Steffen
2991,Steffens
2992,Stegemann
2993,Steger
2994,Stegmaier
2995,Stegmann
2996,Stehle
2997,Stehr
2998,Steidle
2999,Steier
3000,Steiger
3001,Steigerwald
3002,Stein
3003,Steinbach
3004,Steinberg
3005,Steinberger
3006,Steinborn
3007,Steinbrecher
3008,Steiner
3009,Steinert
3010,Steinhauer
3011,Steinhauser
3012,Steinhoff
3013,Steininger
3014,Steinkamp
3015,Steinke
3016,Steinle
3017,Steinmann
3018,Steinmetz
3019,Steinmüller
3020,Stellmacher
3021,Stelter
3022,Stelzer
3023,Stemmer
3024,Stemmler
3025,Stender
3026,Stengel
3027,Stenger
3028,Stenzel
3029,Stephan
3030,Stern
3031,Sternberg
3032,Steuer
3033,Stevens
3034,Stich
3035,Stickel
3036,Stief
3037,Stiefel
3038,Stiegler
3039,Stier
3040,Stiller
3041,Stingl
3042,Stobbe
3043,Stock
3044,Stocker
3045,Stockmann
3046,Stoever
3047,Stoffel
3048,Stoiber
3049,Stoll
3050,Stolle
3051,Stolte
3052,Stolz
3053,Stolze
3054,Storch
3055,Storck
3056,Stork
3057,Storm
3058,Storz
3059,Stotz
3060,Strack
3061,Stracke
3062,Strasser
3063,Stratmann
3064,Straub
3065,Straube
3066,Strauch
3067,Strauss
3068,Strauß
3069,Straßer
3070,Strecker
3071,Strehl
3072,Streich
3073,Streicher
3074,Streit
3075,Stricker
3076,Striesow
3077,Strobel
3078,Strobl
3079,Stroh
3080,Strohmeier
3081,Strube
3082,Struck
3083,Strunk
3084,Strunz
3085,Stuber
3086,Stumm
3087,Stumpe
3088,Stumpf
3089,Sturm
3090,Stutz
3091,Stöber
3092,Stöckel
3093,Stöcker
3094,Stöckl
3095,Stöhr
3096,Störmer
3097,Stöver
3098,Stüber
3099,Stürmer
3100,Sudmann
3101,Suhr
3102,Sutter
3103,Swoboda
3104,Sydow
3105,Szymanski
3106,Sänger
3107,Söllner
3108,Süß
3109,Tacke
3110,Tamm
3111,Tappe
3112,Taube
3113,Tauber
3114,Taubert
3115,Tausch
3116,Teichert
3117,Teichmann
3118,Temme
3119,Tempel
3120,Tesch
3121,Teschner
3122,Teske
3123,Tetzlaff
3124,Teuber
3125,Teubner
3126,Teufel
3127,Tewes
3128,Tews
3129,Thaler
3130,Thamm
3131,Thanner
3132,Theil
3133,Theis
3134,Theisen
3135,Theiß
3136,Thelen
3137,Theobald
3138,Thiede
3139,Thiel
3140,Thiele
3141,Thielemann
3142,Thielen
3143,Thielmann
3144,Thiem
3145,Thiemann
3146,Thieme
3147,Thies
3148,Thimm
3149,Thom
3150,Thoma
3151,Thomann
3152,Thomas
3153,Thome
3154,Thoms
3155,Thomsen
3156,Thon
3157,Thormann
3158,Thum
3159,Thöne
3160,Tiede
3161,Tiedemann
3162,Tiemann
3163,Tietjen
3164,Tietz
3165,Tietze
3166,Till
3167,Tillmann
3168,Timm
3169,Timmermann
3170,Tischer
3171,Tischler
3172,Tittel
3173,Titze
3174,Tolksdorf
3175,Tonn
3176,Topp
3177,Toth
3178,Trapp
3179,Traub
3180,Traut
3181,Trautmann
3182,Trautwein
3183,Treiber
3184,Tremmel
3185,Triebel
3186,Trimmel
3187,Trommer
3188,Trost
3189,Träger
3190,Tröger
3191,Tröster
3192,Tölle
3193,Töpfer
3194,Türk
3195,Uhl
3196,Uhlemann
3197,Uhlig
3198,Uhlmann
3199,Uhrig
3200,Ulbrich
3201,Ulbricht
3202,Ullmann
3203,Ullrich
3204,Ulmer
3205,Ulrich
3206,Umbach
3207,Unger
3208,Unruh
3209,Unterbaur
3210,Urban
3211,Utz
3212,Valentin
3213,Varanasi
3214,Vater
3215,Vaupel
3216,Veigl
3217,Veit
3218,Veith
3219,Velten
3220,Vetter
3221,Vieth
3222,Vogel
3223,Vogelsang
3224,Voges
3225,Vogl
3226,Vogler
3227,Vogt
3228,Voigt
3229,Voigtländer
3230,Voit
3231,Volk
3232,Volkert
3233,Volkmann
3234,Volkmer
3235,Voll
3236,Vollmer
3237,Vollrath
3238,Volz
3239,Vorwerk
3240,Voss
3241,Voß
3242,Vögele
3243,Völkel
3244,Völker
3245,Völkl
3246,Wachsmuth
3247,Wachter
3248,Wacker
3249,Wagener
3250,Wagenknecht
3251,Wagner
3252,Wahl
3253,Waibel
3254,Walch
3255,Wald
3256,Waldmann
3257,Walker
3258,Wall
3259,Wallner
3260,Walter
3261,Walther
3262,Walz
3263,Wanke
3264,Wanner
3265,Warnecke
3266,Warnke
3267,Wassermann
3268,Weber
3269,Weck
3270,Wecker
3271,Wedekind
3272,Wedel
3273,Wege
3274,Wegener
3275,Wegmann
3276,Wegner
3277,Wehner
3278,Wehr
3279,Wehrle
3280,Wehrmann
3281,Weichert
3282,Weide
3283,Weidemann
3284,Weidinger
3285,Weidlich
3286,Weidmann
3287,Weidner
3288,Weigand
3289,Weigel
3290,Weigelt
3291,Weigert
3292,Weigl
3293,Weihrauch
3294,Weil
3295,Weiland
3296,Weiler
3297,Weimann
3298,Weimer
3299,Wein
3300,Weinberg
3301,Weinberger
3302,Weiner
3303,Weinert
3304,Weingärtner
3305,Weinhold
3306,Weinmann
3307,Weinreich
3308,Weinrich
3309,Weinzierl
3310,Weirich
3311,Weis
3312,Weise
3313,Weiser
3314,Weishaupt
3315,Weiss
3316,Weisser
3317,Weitz
3318,Weitzel
3319,Weiß
3320,Weißbach
3321,Weiße
3322,Weißenborn
3323,Weißer
3324,Weißmann
3325,Welker
3326,Weller
3327,Wellmann
3328,Welsch
3329,Welte
3330,Welter
3331,Welz
3332,Welzel
3333,Wende
3334,Wendel
3335,Wendland
3336,Wendler
3337,Wendt
3338,Wenger
3339,Wenig
3340,Weniger
3341,Wenk
3342,Wenz
3343,Wenzel
3344,Wenzl
3345,Werle
3346,Werner
3347,Wernicke
3348,Werth
3349,Wesemann
3350,Wessel
3351,Wessels
3352,Westermann
3353,Westhoff
3354,Westphal
3355,Wetzel
3356,Weyand
3357,Weyer
3358,Weyers
3359,Wichert
3360,Wichmann
3361,Wick
3362,Wicke
3363,Widmann
3364,Wiebe
3365,Wiechert
3366,Wiechmann
3367,Wieczorek
3368,Wiedemann
3369,Wiedenmann
3370,Wiedmann
3371,Wiegand
3372,Wiegel
3373,Wiegmann
3374,Wieland
3375,Wiemann
3376,Wiemer
3377,Wiener
3378,Wiens
3379,Wiese
3380,Wieser
3381,Wiesmann
3382,Wiesner
3383,Wiest
3384,Wilcke
3385,Wilczek
3386,Wild
3387,Wilde
3388,Wildner
3389,Wilhelm
3390,Wilhelmi
3391,Wilk
3392,Wilke
3393,Wilken
3394,Wilkens
3395,Will
3396,Wille
3397,Willems
3398,Willer
3399,Willmann
3400,Willms
3401,Wilms
3402,Wimmer
3403,Windisch
3404,Winkel
3405,Winkelmann
3406,Winkler
3407,Winter
3408,Winzer
3409,Wirth
3410,Wirtz
3411,Wischnewski
3412,Wisniewski
3413,Witt
3414,Witte
3415,Wittek
3416,Wittenberg
3417,Wittich
3418,Wittig
3419,Wittke
3420,Wittmann
3421,Wittwer
3422,Witzel
3423,Witzke
3424,Wohlfahrt
3425,Wohlfarth
3426,Wohlgemuth
3427,Wolf
3428,Wolff
3429,Wolfram
3430,Wolfrum
3431,Woll
3432,Wollmann
3433,Wollny
3434,Wollschläger
3435,Wolter
3436,Wolters
3437,Worm
3438,Wortmann
3439,Wrede
3440,Wrobel
3441,Wulf
3442,Wulff
3443,Wunder
3444,Wunderlich
3445,Wunsch
3446,Wurm
3447,Wurst
3448,Wurster
3449,Wuttke
3450,Wächter
3451,Wöhrle
3452,Wölfel
3453,Wölfle
3454,Wölk
3455,Wörle
3456,Wörner
3457,Wünsch
3458,Wünsche
3459,Würfel
3460,Wüst
3461,Yildirim
3462,Yildiz
3463,Yilmaz
3464,Zabel
3465,Zach
3466,Zacharias
3467,Zacher
3468,Zahn
3469,Zainalow
3470,Zander
3471,Zapf
3472,Zauner
3473,Zech
3474,Zeh
3475,Zeidler
3476,Zeiler
3477,Zeitler
3478,Zell
3479,Zeller
3480,Zellner
3481,Zenker
3482,Zettl
3483,Zieger
3484,Ziegler
3485,Zielinski
3486,Zielke
3487,Ziemann
3488,Ziemer
3489,Zimmer
3490,Zimmerer
3491,Zimmermann
3492,Zink
3493,Zinke
3494,Zinn
3495,Zipfel
3496,Zitzmann
3497,Zobel
3498,Zoller
3499,Zorn
3500,Zorrowski
3501,Zuber
3502,Zwick
3503,Zöller
3504,Zöllner
3505,Zühlke
3506,von Ahlbeck
3507,von Burg
3508,von Hagenberg
3509,von Sachsen
